0,-0.29296875
0.015625,-0.23828125
0.03125,-0.1953125
0.046875,-0.15234375
0.0625,-0.03125
0.078125,-0.06640625
0.09375,-0.07421875
0.109375,-0.0234375
0.125,0
0.140625,-0.09765625
0.15625,-0.1015625
0.171875,-0.078125
0.1875,-0.07421875
0.203125,-0.046875
0.21875,-0.2578125
0.234375,-0.5
0.25,-1.4765625
0.265625,-2.95703125
0.28125,-3.19140625
0.296875,0.83203125
0.3125,2.0390625
0.328125,2.69140625
0.34375,2.890625
0.359375,3.1015625
0.375,3.4921875
0.390625,3.1328125
0.40625,3.16015625
0.421875,2.88671875
0.4375,1.859375
0.453125,-6.84375
0.46875,-4.8203125
0.484375,-1.78125
0.5,0.64453125
0.515625,2.85546875
0.53125,4.734375
0.546875,4.625
0.5625,4.234375
0.578125,3.68359375
0.59375,2.7109375
0.609375,1.1640625
0.625,-3.0546875
0.640625,-1.6875
0.65625,-0.62890625
0.671875,-0.1328125
0.6875,0.2109375
0.703125,0.80859375
0.71875,0.65234375
0.734375,0.4140625
0.75,0.08984375
0.765625,-0.07421875
0.78125,-0.48828125
0.796875,-0.37890625
0.8125,-0.33984375
0.828125,-0.26171875
0.84375,-0.17578125
0.859375,-0.01953125
0.875,-0.05078125
0.890625,-0.1015625
0.90625,-0.12109375
0.921875,-0.15625
0.9375,-0.08984375
0.953125,-0.046875
0.96875,-0.0078125
0.984375,-0.00390625
1,-0.05078125
1.015625,-0.1796875
1.03125,-0.18359375
1.046875,-0.16796875
1.0625,-0.15625
1.078125,-0.14453125
1.09375,-0.11328125
1.109375,-0.11328125
1.125,-0.1328125
1.140625,-0.140625
1.15625,-0.14453125
1.171875,-0.14453125
1.1875,-0.12109375
1.203125,-0.1171875
1.21875,-0.12890625
1.234375,-0.125
1.25,-0.125
1.265625,-0.1328125
1.28125,-0.125
1.296875,-0.12890625
1.3125,-0.125
1.328125,-0.1171875
1.34375,-0.140625
1.359375,-0.13671875
1.375,-0.140625
1.390625,-0.13671875
1.40625,-0.11328125
1.421875,-0.12109375
1.4375,-0.125
1.453125,-0.140625
1.46875,-0.13671875
1.484375,-0.125
1.5,-0.09765625
1.515625,-0.09765625
1.53125,-0.10546875
1.546875,-0.1171875
1.5625,-0.12109375
1.578125,-0.1171875
1.59375,-0.1015625
1.609375,-0.0859375
1.625,-0.10546875
1.640625,-0.12109375
1.65625,-0.109375
1.671875,-0.1015625
1.6875,-0.08984375
1.703125,-0.08984375
1.71875,-0.08203125
1.734375,-0.10546875
1.75,-0.1015625
1.765625,-0.10546875
1.78125,-0.10546875
1.796875,-0.09765625
1.8125,-0.078125
1.828125,-0.07421875
1.84375,-0.0859375
1.859375,-0.08984375
1.875,-0.09375
1.890625,-0.09765625
1.90625,-0.09765625
1.921875,-0.08984375
1.9375,-0.1015625
1.953125,-0.1015625
1.96875,-0.09765625
1.984375,-0.1015625
2,-0.08203125
2.015625,-0.08984375
2.03125,-0.0859375
2.046875,-0.0859375
2.0625,-0.0859375
2.078125,-0.08203125
2.09375,-0.09765625
2.109375,-0.09375
2.125,-0.08984375
2.140625,-0.078125
2.15625,-0.0703125
2.171875,-0.08984375
2.1875,-0.08984375
2.203125,-0.08984375
2.21875,-0.078125
2.234375,-0.0703125
2.25,-0.078125
2.265625,-0.08203125
2.28125,-0.09375
2.296875,-0.0859375
2.3125,-0.0703125
2.328125,-0.08203125
2.34375,-0.078125
2.359375,-0.078125
2.375,-0.09375
2.390625,-0.078125
2.40625,-0.08984375
2.421875,-0.0859375
2.4375,-0.078125
2.453125,-0.078125
2.46875,-0.06640625
2.484375,-0.078125
2.5,-0.078125
2.515625,-0.078125
2.53125,-0.08203125
2.546875,-0.08203125
2.5625,-0.06640625
2.578125,-0.0859375
2.59375,-0.0859375
2.609375,-0.078125
2.625,-0.07421875
2.640625,-0.06640625
2.65625,-0.07421875
2.671875,-0.078125
2.6875,-0.078125
2.703125,-0.0859375
2.71875,-0.0703125
2.734375,-0.08203125
2.75,-0.07421875
2.765625,-0.07421875
2.78125,-0.0859375
2.796875,-0.07421875
2.8125,-0.08203125
2.828125,-0.08984375
2.84375,-0.08984375
2.859375,-0.07421875
2.875,-0.06640625
2.890625,-0.078125
2.90625,-0.0859375
2.921875,-0.08203125
2.9375,-0.08203125
2.953125,-0.078125
2.96875,-0.08984375
2.984375,-0.09375
3,-0.08984375
3.015625,-0.0703125
3.03125,-0.06640625
3.046875,-0.0703125
3.0625,-0.0703125
3.078125,-0.07421875
3.09375,-0.09765625
3.109375,-0.08984375
3.125,-0.0859375
3.140625,-0.08203125
3.15625,-0.07421875
3.171875,-0.078125
3.1875,-0.078125
3.203125,-0.0703125
3.21875,-0.078125
3.234375,-0.08203125
3.25,-0.07421875
3.265625,-0.078125
3.28125,-0.078125
3.296875,-0.078125
3.3125,-0.07421875
3.328125,-0.08203125
3.34375,-0.07421875
3.359375,-0.07421875
3.375,-0.078125
3.390625,-0.078125
3.40625,-0.07421875
3.421875,-0.07421875
3.4375,-0.0703125
3.453125,-0.07421875
3.46875,-0.078125
3.484375,-0.078125
3.5,-0.0703125
3.515625,-0.0625
3.53125,-0.06640625
3.546875,-0.0703125
3.5625,-0.07421875
3.578125,-0.0859375
3.59375,-0.07421875
3.609375,-0.07421875
3.625,-0.0703125
3.640625,-0.07421875
3.65625,-0.08203125
3.671875,-0.0703125
3.6875,-0.0859375
3.703125,-0.08203125
3.71875,-0.0859375
3.734375,-0.078125
3.75,-0.0625
3.765625,-0.06640625
3.78125,-0.06640625
3.796875,-0.0703125
3.8125,-0.0859375
3.828125,-0.09765625
3.84375,-0.0859375
3.859375,-0.0859375
3.875,-0.078125
3.890625,-0.06640625
3.90625,-0.0703125
3.921875,-0.0625
3.9375,-0.078125
3.953125,-0.07421875
3.96875,-0.078125
3.984375,-0.078125
4,-0.07421875
4.015625,-0.07421875
4.03125,-0.08203125
4.046875,-0.07421875
4.0625,-0.08984375
4.078125,-0.0703125
4.09375,-0.078125
4.109375,-0.08203125
4.125,-0.08203125
4.140625,-0.08203125
4.15625,-0.07421875
4.171875,-0.08203125
4.1875,-0.08203125
4.203125,-0.078125
4.21875,-0.05859375
4.234375,-0.046875
4.25,-0.0546875
4.265625,-0.05859375
4.28125,-0.06640625
4.296875,-0.05859375
4.3125,-0.046875
4.328125,-0.05859375
4.34375,-0.0703125
4.359375,-0.078125
4.375,-0.0859375
4.390625,-0.07421875
4.40625,-0.078125
4.421875,-0.078125
4.4375,-0.08203125
4.453125,-0.078125
4.46875,-0.07421875
4.484375,-0.05859375
4.5,-0.0703125
4.515625,-0.07421875
4.53125,-0.078125
4.546875,-0.10546875
4.5625,-0.09765625
4.578125,-0.09765625
4.59375,-0.09375
4.609375,-0.1015625
4.625,-0.09765625
4.640625,-0.09375
4.65625,-0.1015625
4.671875,-0.1015625
4.6875,-0.109375
4.703125,-0.09375
4.71875,-0.078125
4.734375,-0.0859375
4.75,-0.078125
4.765625,-0.07421875
4.78125,-0.09765625
4.796875,-0.09765625
4.8125,-0.10546875
4.828125,-0.11328125
4.84375,-0.11328125
4.859375,-0.10546875
4.875,-0.09765625
4.890625,-0.1015625
4.90625,-0.09765625
4.921875,-0.1015625
4.9375,-0.1015625
4.953125,-0.09375
4.96875,-0.09375
4.984375,-0.09375
5,-0.08984375
5.015625,-0.08203125
5.03125,-0.08203125
5.046875,-0.0859375
5.0625,-0.09375
5.078125,-0.09765625
5.09375,-0.11328125
5.109375,-0.12109375
5.125,-0.125
5.140625,-0.1171875
5.15625,-0.12109375
5.171875,-0.11328125
5.1875,-0.09765625
5.203125,-0.09375
5.21875,-0.1015625
5.234375,-0.09765625
5.25,-0.1015625
5.265625,-0.1015625
5.28125,-0.10546875
5.296875,-0.10546875
5.3125,-0.109375
5.328125,-0.10546875
5.34375,-0.1015625
5.359375,-0.08984375
5.375,-0.09375
5.390625,-0.08984375
5.40625,-0.09375
5.421875,-0.109375
5.4375,-0.10546875
5.453125,-0.11328125
5.46875,-0.11328125
5.484375,-0.10546875
5.5,-0.09765625
5.515625,-0.08984375
5.53125,-0.09765625
5.546875,-0.109375
5.5625,-0.10546875
5.578125,-0.11328125
5.59375,-0.09765625
5.609375,-0.10546875
5.625,-0.10546875
5.640625,-0.1015625
5.65625,-0.09765625
5.671875,-0.08203125
5.6875,-0.09375
5.703125,-0.09765625
5.71875,-0.1015625
5.734375,-0.1015625
5.75,-0.10546875
5.765625,-0.09375
5.78125,-0.10546875
5.796875,-0.109375
5.8125,-0.109375
5.828125,-0.1015625
5.84375,-0.0859375
5.859375,-0.09375
5.875,-0.09765625
5.890625,-0.09765625
5.90625,-0.09765625
5.921875,-0.0859375
5.9375,-0.09765625
5.953125,-0.09765625
5.96875,-0.09765625
5.984375,-0.1015625
6,-0.08984375
6.015625,-0.10546875
6.03125,-0.11328125
6.046875,-0.11328125
6.0625,-0.11328125
6.078125,-0.09765625
6.09375,-0.10546875
6.109375,-0.1015625
6.125,-0.1015625
6.140625,-0.09765625
6.15625,-0.0859375
6.171875,-0.09765625
6.1875,-0.1015625
6.203125,-0.10546875
6.21875,-0.10546875
6.234375,-0.09375
6.25,-0.1015625
6.265625,-0.10546875
6.28125,-0.09765625
6.296875,-0.10546875
6.3125,-0.1015625
6.328125,-0.08984375
6.34375,-0.09765625
6.359375,-0.08984375
6.375,-0.109375
6.390625,-0.109375
6.40625,-0.09765625
6.421875,-0.1015625
6.4375,-0.1015625
6.453125,-0.1015625
6.46875,-0.10546875
6.484375,-0.09375
6.5,-0.10546875
6.515625,-0.1015625
6.53125,-0.1015625
6.546875,-0.09765625
6.5625,-0.09765625
6.578125,-0.1015625
6.59375,-0.1015625
6.609375,-0.09765625
6.625,-0.10546875
6.640625,-0.1015625
6.65625,-0.10546875
6.671875,-0.109375
6.6875,-0.109375
6.703125,-0.09765625
6.71875,-0.09375
6.734375,-0.09765625
6.75,-0.09765625
6.765625,-0.1015625
6.78125,-0.09765625
6.796875,-0.1015625
6.8125,-0.10546875
6.828125,-0.1015625
6.84375,-0.1015625
6.859375,-0.10546875
6.875,-0.09765625
6.890625,-0.09765625
6.90625,-0.1015625
6.921875,-0.10546875
6.9375,-0.11328125
6.953125,-0.09765625
6.96875,-0.09765625
6.984375,-0.09765625
7,-0.09765625
7.015625,-0.09765625
7.03125,-0.10546875
7.046875,-0.1015625
7.0625,-0.109375
7.078125,-0.11328125
7.09375,-0.109375
7.109375,-0.09765625
7.125,-0.08984375
7.140625,-0.1015625
7.15625,-0.10546875
7.171875,-0.1015625
7.1875,-0.10546875
7.203125,-0.09375
7.21875,-0.09765625
7.234375,-0.10546875
7.25,-0.10546875
7.265625,-0.109375
7.28125,-0.08984375
7.296875,-0.09765625
7.3125,-0.1015625
7.328125,-0.09375
7.34375,-0.1015625
7.359375,-0.08984375
7.375,-0.109375
7.390625,-0.10546875
7.40625,-0.109375
7.421875,-0.10546875
7.4375,-0.09375
7.453125,-0.09765625
7.46875,-0.1015625
7.484375,-0.10546875
7.5,-0.09765625
7.515625,-0.0859375
7.53125,-0.1015625
7.546875,-0.10546875
7.5625,-0.109375
7.578125,-0.1015625
7.59375,-0.08984375
7.609375,-0.1015625
7.625,-0.09765625
7.640625,-0.09765625
7.65625,-0.10546875
7.671875,-0.109375
7.6875,-0.1015625
7.703125,-0.10546875
7.71875,-0.10546875
7.734375,-0.1015625
7.75,-0.10546875
7.765625,-0.0859375
7.78125,-0.09765625
7.796875,-0.09765625
7.8125,-0.09765625
7.828125,-0.109375
7.84375,-0.09765625
7.859375,-0.10546875
7.875,-0.1015625
7.890625,-0.1015625
7.90625,-0.09765625
7.921875,-0.09375
7.9375,-0.10546875
7.953125,-0.10546875
7.96875,-0.12109375
7.984375,-0.10546875
8,-0.09375
8.015625,-0.09765625
8.03125,-0.09765625
8.046875,-0.09765625
8.0625,-0.10546875
8.078125,-0.08984375
8.09375,-0.08984375
8.109375,-0.08984375
8.125,-0.08984375
8.140625,-0.09375
8.15625,-0.08984375
8.171875,-0.09765625
8.1875,-0.09765625
8.203125,-0.1015625
8.21875,-0.0859375
8.234375,-0.08203125
8.25,-0.08984375
8.265625,-0.0859375
8.28125,-0.08984375
8.296875,-0.08984375
8.3125,-0.09375
8.328125,-0.08984375
8.34375,-0.09375
8.359375,-0.09765625
8.375,-0.10546875
8.390625,-0.09765625
8.40625,-0.09375
8.421875,-0.09375
8.4375,-0.08984375
8.453125,-0.0859375
8.46875,-0.09375
8.484375,-0.09375
8.5,-0.08984375
8.515625,-0.0859375
8.53125,-0.08984375
8.546875,-0.09375
8.5625,-0.09375
8.578125,-0.09375
8.59375,-0.1015625
8.609375,-0.09765625
8.625,-0.08203125
8.640625,-0.07421875
8.65625,-0.08203125
8.671875,-0.08984375
8.6875,-0.09375
8.703125,-0.1015625
8.71875,-0.0859375
8.734375,-0.0859375
8.75,-0.0859375
8.765625,-0.08203125
8.78125,-0.08984375
8.796875,-0.0859375
8.8125,-0.08984375
8.828125,-0.09765625
8.84375,-0.08984375
8.859375,-0.0859375
8.875,-0.0859375
8.890625,-0.07421875
8.90625,-0.08984375
8.921875,-0.09375
8.9375,-0.09375
8.953125,-0.08984375
8.96875,-0.078125
8.984375,-0.08984375
9,-0.08984375
9.015625,-0.09375
9.03125,-0.0859375
9.046875,-0.07421875
9.0625,-0.08203125
9.078125,-0.08984375
9.09375,-0.08984375
9.109375,-0.08984375
9.125,-0.08203125
9.140625,-0.0859375
9.15625,-0.08984375
9.171875,-0.08984375
9.1875,-0.08203125
9.203125,-0.07421875
9.21875,-0.08203125
9.234375,-0.078125
9.25,-0.08203125
9.265625,-0.08203125
9.28125,-0.078125
9.296875,-0.08984375
9.3125,-0.08984375
9.328125,-0.0859375
9.34375,-0.0859375
9.359375,-0.07421875
9.375,-0.08984375
9.390625,-0.0859375
9.40625,-0.0859375
9.421875,-0.09375
9.4375,-0.07421875
9.453125,-0.08203125
9.46875,-0.0703125
9.484375,-0.07421875
9.5,-0.0859375
9.515625,-0.078125
9.53125,-0.08984375
9.546875,-0.09375
9.5625,-0.09375
9.578125,-0.08203125
9.59375,-0.078125
9.609375,-0.0703125
9.625,-0.08203125
9.640625,-0.08984375
9.65625,-0.08203125
9.671875,-0.08984375
9.6875,-0.078125
9.703125,-0.0859375
9.71875,-0.08203125
9.734375,-0.0703125
9.75,-0.08203125
9.765625,-0.07421875
9.78125,-0.08203125
9.796875,-0.09375
9.8125,-0.08984375
9.828125,-0.08203125
9.84375,-0.078125
9.859375,-0.08203125
9.875,-0.07421875
9.890625,-0.07421875
9.90625,-0.08203125
9.921875,-0.07421875
9.9375,-0.08203125
9.953125,-0.0859375
9.96875,-0.09375
9.984375,-0.08203125
10,-0.07421875
10.015625,-0.078125
10.03125,-0.06640625
10.046875,-0.06640625
10.0625,-0.09375
10.078125,-0.0859375
10.09375,-0.0859375
10.109375,-0.078125
10.125,-0.078125
10.140625,-0.078125
10.15625,-0.078125
10.171875,-0.078125
10.1875,-0.08203125
10.203125,-0.08984375
10.21875,-0.078125
10.234375,-0.07421875
10.25,-0.078125
10.265625,-0.07421875
10.28125,-0.078125
10.296875,-0.0859375
10.3125,-0.08203125
10.328125,-0.0703125
10.34375,-0.0625
10.359375,-0.06640625
10.375,-0.07421875
10.390625,-0.0859375
10.40625,-0.08203125
10.421875,-0.08203125
10.4375,-0.07421875
10.453125,-0.07421875
10.46875,-0.07421875
10.484375,-0.0703125
10.5,-0.07421875
10.515625,-0.078125
10.53125,-0.08203125
10.546875,-0.08203125
10.5625,-0.0703125
10.578125,-0.0703125
10.59375,-0.07421875
10.609375,-0.078125
10.625,-0.0859375
10.640625,-0.07421875
10.65625,-0.08203125
10.671875,-0.078125
10.6875,-0.08203125
10.703125,-0.07421875
10.71875,-0.0625
10.734375,-0.078125
10.75,-0.07421875
10.765625,-0.078125
10.78125,-0.07421875
10.796875,-0.0703125
10.8125,-0.078125
10.828125,-0.078125
10.84375,-0.07421875
10.859375,-0.07421875
10.875,-0.078125
10.890625,-0.0703125
10.90625,-0.08203125
10.921875,-0.08984375
10.9375,-0.0859375
10.953125,-0.0703125
10.96875,-0.0625
10.984375,-0.08203125
11,-0.08984375
11.015625,-0.08203125
11.03125,-0.08203125
11.046875,-0.0703125
11.0625,-0.08203125
11.078125,-0.078125
11.09375,-0.078125
11.109375,-0.078125
11.125,-0.0703125
11.140625,-0.078125
11.15625,-0.08203125
11.171875,-0.0859375
11.1875,-0.078125
11.203125,-0.06640625
11.21875,-0.08203125
11.234375,-0.0859375
11.25,-0.0859375
11.265625,-0.07421875
11.28125,-0.06640625
11.296875,-0.078125
11.3125,-0.08203125
11.328125,-0.0859375
11.34375,-0.0859375
11.359375,-0.0703125
11.375,-0.07421875
11.390625,-0.06640625
11.40625,-0.07421875
11.421875,-0.0859375
11.4375,-0.08984375
11.453125,-0.08203125
11.46875,-0.0859375
11.484375,-0.08984375
11.5,-0.08203125
11.515625,-0.08203125
11.53125,-0.078125
11.546875,-0.0859375
11.5625,-0.08203125
11.578125,-0.08203125
11.59375,-0.0859375
11.609375,-0.08203125
11.625,-0.07421875
11.640625,-0.08984375
11.65625,-0.09375
11.671875,-0.09375
11.6875,-0.08203125
11.703125,-0.0859375
11.71875,-0.08203125
11.734375,-0.08203125
11.75,-0.09765625
11.765625,-0.09375
11.78125,-0.1015625
11.796875,-0.09375
11.8125,-0.08984375
11.828125,-0.0859375
11.84375,-0.08984375
11.859375,-0.09375
11.875,-0.09765625
11.890625,-0.09765625
11.90625,-0.0859375
11.921875,-0.0859375
11.9375,-0.1015625
11.953125,-0.10546875
11.96875,-0.109375
11.984375,-0.08984375
12,-0.08984375
12.015625,-0.09375
12.03125,-0.09765625
12.046875,-0.1015625
12.0625,-0.09375
12.078125,-0.0859375
12.09375,-0.08984375
12.109375,-0.09375
12.125,-0.09765625
12.140625,-0.1015625
12.15625,-0.10546875
12.171875,-0.1015625
12.1875,-0.10546875
12.203125,-0.10546875
12.21875,-0.1015625
12.234375,-0.1015625
12.25,-0.1015625
12.265625,-0.10546875
12.28125,-0.109375
12.296875,-0.10546875
12.3125,-0.1015625
12.328125,-0.09375
12.34375,-0.10546875
12.359375,-0.109375
12.375,-0.109375
12.390625,-0.1171875
12.40625,-0.10546875
12.421875,-0.11328125
12.4375,-0.11328125
12.453125,-0.109375
12.46875,-0.1015625
12.484375,-0.0859375
12.5,-0.09765625
12.515625,-0.1015625
12.53125,-0.10546875
12.546875,-0.125
12.5625,-0.10546875
12.578125,-0.109375
12.59375,-0.10546875
12.609375,-0.10546875
12.625,-0.10546875
12.640625,-0.1015625
12.65625,-0.1171875
12.671875,-0.1171875
12.6875,-0.11328125
12.703125,-0.10546875
12.71875,-0.09375
12.734375,-0.10546875
12.75,-0.10546875
12.765625,-0.10546875
12.78125,-0.109375
12.796875,-0.11328125
12.8125,-0.09375
12.828125,-0.10546875
12.84375,-0.1171875
12.859375,-0.11328125
12.875,-0.10546875
12.890625,-0.08984375
12.90625,-0.1015625
12.921875,-0.1015625
12.9375,-0.109375
12.953125,-0.11328125
12.96875,-0.09375
12.984375,-0.10546875
13,-0.109375
13.015625,-0.109375
13.03125,-0.109375
13.046875,-0.09375
13.0625,-0.10546875
13.078125,-0.109375
13.09375,-0.11328125
13.109375,-0.1015625
13.125,-0.09375
13.140625,-0.1015625
13.15625,-0.09765625
13.171875,-0.109375
13.1875,-0.109375
13.203125,-0.10546875
13.21875,-0.109375
13.234375,-0.10546875
13.25,-0.10546875
13.265625,-0.10546875
13.28125,-0.10546875
13.296875,-0.10546875
13.3125,-0.10546875
13.328125,-0.109375
13.34375,-0.11328125
13.359375,-0.11328125
13.375,-0.12109375
13.390625,-0.11328125
13.40625,-0.11328125
13.421875,-0.11328125
13.4375,-0.109375
13.453125,-0.1015625
13.46875,-0.10546875
13.484375,-0.109375
13.5,-0.109375
13.515625,-0.109375
13.53125,-0.10546875
13.546875,-0.109375
13.5625,-0.109375
13.578125,-0.11328125
13.59375,-0.10546875
13.609375,-0.1015625
13.625,-0.109375
13.640625,-0.11328125
13.65625,-0.109375
13.671875,-0.10546875
13.6875,-0.1015625
13.703125,-0.1015625
13.71875,-0.1015625
13.734375,-0.109375
13.75,-0.11328125
13.765625,-0.10546875
13.78125,-0.10546875
13.796875,-0.109375
13.8125,-0.109375
13.828125,-0.1015625
13.84375,-0.09375
13.859375,-0.10546875
13.875,-0.109375
13.890625,-0.109375
13.90625,-0.109375
13.921875,-0.09765625
13.9375,-0.1015625
13.953125,-0.109375
13.96875,-0.1015625
13.984375,-0.1015625
14,-0.08984375
14.015625,-0.1015625
14.03125,-0.10546875
14.046875,-0.1015625
14.0625,-0.1015625
14.078125,-0.10546875
14.09375,-0.08984375
14.109375,-0.1015625
14.125,-0.1015625
14.140625,-0.1015625
14.15625,-0.10546875
14.171875,-0.09375
14.1875,-0.10546875
14.203125,-0.10546875
14.21875,-0.1015625
14.234375,-0.09765625
14.25,-0.0859375
14.265625,-0.1015625
14.28125,-0.10546875
14.296875,-0.109375
14.3125,-0.1015625
14.328125,-0.09375
14.34375,-0.10546875
14.359375,-0.10546875
14.375,-0.10546875
14.390625,-0.10546875
14.40625,-0.09375
14.421875,-0.1015625
14.4375,-0.1015625
14.453125,-0.10546875
14.46875,-0.10546875
14.484375,-0.08984375
14.5,-0.1015625
14.515625,-0.09765625
14.53125,-0.1015625
14.546875,-0.09765625
14.5625,-0.09375
14.578125,-0.11328125
14.59375,-0.11328125
14.609375,-0.109375
14.625,-0.08984375
14.640625,-0.08203125
14.65625,-0.10546875
14.671875,-0.109375
14.6875,-0.109375
14.703125,-0.109375
14.71875,-0.109375
14.734375,-0.09375
14.75,-0.10546875
14.765625,-0.09765625
14.78125,-0.1015625
14.796875,-0.1015625
14.8125,-0.09375
14.828125,-0.10546875
14.84375,-0.1015625
14.859375,-0.10546875
14.875,-0.1015625
14.890625,-0.08984375
14.90625,-0.1015625
14.921875,-0.10546875
14.9375,-0.1015625
14.953125,-0.109375
14.96875,-0.1015625
14.984375,-0.10546875
15,-0.10546875
15.015625,-0.10546875
15.03125,-0.09765625
15.046875,-0.09375
15.0625,-0.1015625
15.078125,-0.1015625
15.09375,-0.10546875
15.109375,-0.109375
15.125,-0.10546875
15.140625,-0.10546875
15.15625,-0.09765625
15.171875,-0.1015625
15.1875,-0.1015625
15.203125,-0.1015625
15.21875,-0.1015625
15.234375,-0.10546875
15.25,-0.11328125
15.265625,-0.1015625
15.28125,-0.10546875
15.296875,-0.1015625
15.3125,-0.10546875
15.328125,-0.10546875
15.34375,-0.10546875
15.359375,-0.10546875
15.375,-0.09765625
15.390625,-0.09765625
15.40625,-0.09765625
15.421875,-0.1015625
15.4375,-0.1015625
15.453125,-0.09375
15.46875,-0.1015625
15.484375,-0.109375
15.5,-0.10546875
15.515625,-0.09765625
15.53125,-0.09375
15.546875,-0.09375
15.5625,-0.09375
15.578125,-0.1015625
15.59375,-0.09765625
15.609375,-0.08984375
15.625,-0.09375
15.640625,-0.09375
15.65625,-0.08984375
15.671875,-0.09765625
15.6875,-0.09375
15.703125,-0.09765625
15.71875,-0.09765625
15.734375,-0.1015625
15.75,-0.09765625
15.765625,-0.09375
15.78125,-0.09375
15.796875,-0.08984375
15.8125,-0.09375
15.828125,-0.0859375
15.84375,-0.078125
15.859375,-0.08984375
15.875,-0.1015625
15.890625,-0.09765625
15.90625,-0.09765625
15.921875,-0.08203125
15.9375,-0.0859375
15.953125,-0.08984375
15.96875,-0.08984375
15.984375,-0.09375
16,-0.09375
16.015625,-0.08203125
16.03125,-0.09765625
16.046875,-0.09375
16.0625,-0.09375
16.078125,-0.0859375
16.09375,-0.078125
16.109375,-0.0859375
16.125,-0.08984375
16.140625,-0.08984375
16.15625,-0.09375
16.171875,-0.0859375
16.1875,-0.09765625
16.203125,-0.09375
16.21875,-0.08984375
16.234375,-0.08203125
16.25,-0.06640625
16.265625,-0.08984375
16.28125,-0.09375
16.296875,-0.08984375
16.3125,-0.0859375
16.328125,-0.078125
16.34375,-0.078125
16.359375,-0.08203125
16.375,-0.0859375
16.390625,-0.09375
16.40625,-0.08203125
16.421875,-0.08984375
16.4375,-0.08203125
16.453125,-0.08203125
16.46875,-0.09375
16.484375,-0.08203125
16.5,-0.0859375
16.515625,-0.08984375
16.53125,-0.0859375
16.546875,-0.08984375
16.5625,-0.08203125
16.578125,-0.09375
16.59375,-0.08984375
16.609375,-0.0859375
16.625,-0.0859375
16.640625,-0.08984375
16.65625,-0.0859375
16.671875,-0.08984375
16.6875,-0.08984375
16.703125,-0.0859375
16.71875,-0.08203125
16.734375,-0.078125
16.75,-0.08984375
16.765625,-0.08984375
16.78125,-0.0859375
16.796875,-0.08203125
16.8125,-0.078125
16.828125,-0.08984375
16.84375,-0.08203125
16.859375,-0.0859375
16.875,-0.08203125
16.890625,-0.078125
16.90625,-0.078125
16.921875,-0.0859375
16.9375,-0.0859375
16.953125,-0.08203125
16.96875,-0.0703125
16.984375,-0.07421875
17,-0.078125
17.015625,-0.078125
17.03125,-0.08984375
17.046875,-0.0859375
17.0625,-0.0859375
17.078125,-0.0859375
17.09375,-0.08203125
17.109375,-0.078125
17.125,-0.078125
17.140625,-0.0859375
17.15625,-0.08984375
17.171875,-0.0859375
17.1875,-0.08203125
17.203125,-0.078125
17.21875,-0.08203125
17.234375,-0.08203125
17.25,-0.08203125
17.265625,-0.08203125
17.28125,-0.0859375
17.296875,-0.08203125
17.3125,-0.078125
17.328125,-0.078125
17.34375,-0.08203125
17.359375,-0.078125
17.375,-0.07421875
17.390625,-0.08203125
17.40625,-0.0859375
17.421875,-0.08984375
17.4375,-0.08203125
17.453125,-0.07421875
17.46875,-0.078125
17.484375,-0.078125
17.5,-0.08203125
17.515625,-0.0859375
17.53125,-0.0703125
17.546875,-0.0859375
17.5625,-0.08203125
17.578125,-0.08203125
17.59375,-0.078125
17.609375,-0.0703125
17.625,-0.0859375
17.640625,-0.09375
17.65625,-0.09375
17.671875,-0.08203125
17.6875,-0.0625
17.703125,-0.0703125
17.71875,-0.0703125
17.734375,-0.07421875
17.75,-0.08984375
17.765625,-0.07421875
17.78125,-0.0859375
17.796875,-0.0859375
17.8125,-0.08203125
17.828125,-0.07421875
17.84375,-0.0703125
17.859375,-0.08203125
17.875,-0.08984375
17.890625,-0.08984375
17.90625,-0.0859375
17.921875,-0.078125
17.9375,-0.0625
17.953125,-0.08203125
17.96875,-0.08203125
17.984375,-0.08203125
18,-0.0859375
18.015625,-0.0703125
18.03125,-0.08203125
18.046875,-0.08203125
18.0625,-0.07421875
18.078125,-0.08984375
18.09375,-0.0703125
18.109375,-0.0859375
18.125,-0.08203125
18.140625,-0.0703125
18.15625,-0.0859375
18.171875,-0.0859375
18.1875,-0.0859375
18.203125,-0.08984375
18.21875,-0.08984375
18.234375,-0.07421875
18.25,-0.06640625
18.265625,-0.078125
18.28125,-0.0859375
18.296875,-0.08984375
18.3125,-0.0703125
18.328125,-0.07421875
18.34375,-0.078125
18.359375,-0.08203125
18.375,-0.0859375
18.390625,-0.08203125
18.40625,-0.078125
18.421875,-0.07421875
18.4375,-0.0703125
18.453125,-0.078125
18.46875,-0.078125
18.484375,-0.078125
18.5,-0.078125
18.515625,-0.078125
18.53125,-0.08203125
18.546875,-0.078125
18.5625,-0.078125
18.578125,-0.08203125
18.59375,-0.08203125
18.609375,-0.0859375
18.625,-0.08203125
18.640625,-0.078125
18.65625,-0.078125
18.671875,-0.078125
18.6875,-0.08203125
18.703125,-0.08984375
18.71875,-0.078125
18.734375,-0.0703125
18.75,-0.0703125
18.765625,-0.078125
18.78125,-0.07421875
18.796875,-0.0859375
18.8125,-0.078125
18.828125,-0.08203125
18.84375,-0.078125
18.859375,-0.078125
18.875,-0.0859375
18.890625,-0.078125
18.90625,-0.0859375
18.921875,-0.0859375
18.9375,-0.08203125
18.953125,-0.08203125
18.96875,-0.0703125
18.984375,-0.08203125
19,-0.0859375
19.015625,-0.0859375
19.03125,-0.08203125
19.046875,-0.07421875
19.0625,-0.0859375
19.078125,-0.08203125
19.09375,-0.078125
19.109375,-0.08984375
19.125,-0.0859375
19.140625,-0.09765625
19.15625,-0.09375
19.171875,-0.08984375
19.1875,-0.0703125
19.203125,-0.0703125
19.21875,-0.0625
19.234375,-0.08984375
19.25,-0.0859375
19.265625,-0.09375
19.28125,-0.0859375
19.296875,-0.0703125
19.3125,-0.08203125
19.328125,-0.078125
19.34375,-0.078125
19.359375,-0.0859375
19.375,-0.07421875
19.390625,-0.0859375
19.40625,-0.08203125
19.421875,-0.078125
19.4375,-0.0859375
19.453125,-0.078125
19.46875,-0.0859375
19.484375,-0.0859375
19.5,-0.08984375
19.515625,-0.078125
19.53125,-0.06640625
19.546875,-0.078125
19.5625,-0.078125
19.578125,-0.08203125
19.59375,-0.08984375
19.609375,-0.07421875
19.625,-0.08203125
19.640625,-0.078125
19.65625,-0.0859375
19.671875,-0.0859375
19.6875,-0.078125
19.703125,-0.08203125
19.71875,-0.078125
19.734375,-0.08203125
19.75,-0.0859375
19.765625,-0.078125
19.78125,-0.0859375
19.796875,-0.08203125
19.8125,-0.08203125
19.828125,-0.078125
19.84375,-0.0859375
19.859375,-0.078125
19.875,-0.0859375
19.890625,-0.08984375
19.90625,-0.08203125
19.921875,-0.09375
19.9375,-0.09375
19.953125,-0.11328125
19.96875,-0.109375
19.984375,-0.1015625
20,-0.0859375
20.015625,-0.0859375
20.03125,-0.10546875
20.046875,-0.1171875
20.0625,-0.10546875
20.078125,-0.0859375
20.09375,-0.078125
20.109375,-0.08984375
20.125,-0.1015625
20.140625,-0.109375
20.15625,-0.11328125
20.171875,-0.1171875
20.1875,-0.10546875
20.203125,-0.109375
20.21875,-0.109375
20.234375,-0.1171875
20.25,-0.109375
20.265625,-0.109375
20.28125,-0.10546875
20.296875,-0.109375
20.3125,-0.1171875
20.328125,-0.1171875
20.34375,-0.12109375
20.359375,-0.1171875
20.375,-0.1171875
20.390625,-0.1015625
20.40625,-0.1015625
20.421875,-0.109375
20.4375,-0.11328125
20.453125,-0.1171875
20.46875,-0.12109375
20.484375,-0.12109375
20.5,-0.11328125
20.515625,-0.1171875
20.53125,-0.125
20.546875,-0.12109375
20.5625,-0.11328125
20.578125,-0.10546875
20.59375,-0.11328125
20.609375,-0.11328125
20.625,-0.11328125
20.640625,-0.125
20.65625,-0.11328125
20.671875,-0.12109375
20.6875,-0.1171875
20.703125,-0.11328125
20.71875,-0.12109375
20.734375,-0.109375
20.75,-0.1171875
20.765625,-0.12109375
20.78125,-0.1171875
20.796875,-0.1171875
20.8125,-0.109375
20.828125,-0.1171875
20.84375,-0.12109375
20.859375,-0.125
20.875,-0.1171875
20.890625,-0.1015625
20.90625,-0.109375
20.921875,-0.11328125
20.9375,-0.1171875
20.953125,-0.125
20.96875,-0.10546875
20.984375,-0.125
21,-0.12109375
21.015625,-0.1171875
21.03125,-0.1171875
21.046875,-0.10546875
21.0625,-0.12109375
21.078125,-0.125
21.09375,-0.12109375
21.109375,-0.1171875
21.125,-0.12109375
21.140625,-0.10546875
21.15625,-0.1171875
21.171875,-0.125
21.1875,-0.12109375
21.203125,-0.125
21.21875,-0.1171875
21.234375,-0.12890625
21.25,-0.125
21.265625,-0.125
21.28125,-0.12109375
21.296875,-0.10546875
21.3125,-0.1171875
21.328125,-0.12109375
21.34375,-0.12109375
21.359375,-0.12109375
21.375,-0.11328125
21.390625,-0.12109375
21.40625,-0.12109375
21.421875,-0.1171875
21.4375,-0.1171875
21.453125,-0.109375
21.46875,-0.12109375
21.484375,-0.1171875
21.5,-0.12109375
21.515625,-0.125
21.53125,-0.11328125
21.546875,-0.1171875
21.5625,-0.125
21.578125,-0.12109375
21.59375,-0.12109375
21.609375,-0.109375
21.625,-0.125
21.640625,-0.1171875
21.65625,-0.12109375
21.671875,-0.12890625
21.6875,-0.1171875
21.703125,-0.12109375
21.71875,-0.125
21.734375,-0.125
21.75,-0.1171875
21.765625,-0.11328125
21.78125,-0.1171875
21.796875,-0.12109375
21.8125,-0.125
21.828125,-0.12109375
21.84375,-0.12109375
21.859375,-0.12109375
21.875,-0.1171875
21.890625,-0.1171875
21.90625,-0.1171875
21.921875,-0.1171875
21.9375,-0.12109375
21.953125,-0.11328125
21.96875,-0.125
21.984375,-0.125
22,-0.125
22.015625,-0.11328125
22.03125,-0.12109375
22.046875,-0.12109375
22.0625,-0.12109375
22.078125,-0.140625
22.09375,-0.13671875
22.109375,-0.1328125
22.125,-0.13671875
22.140625,-0.12890625
22.15625,-0.12109375
22.171875,-0.125
22.1875,-0.125
22.203125,-0.12890625
22.21875,-0.12890625
22.234375,-0.140625
22.25,-0.12890625
22.265625,-0.12890625
22.28125,-0.1328125
22.296875,-0.125
22.3125,-0.125
22.328125,-0.12109375
22.34375,-0.12890625
22.359375,-0.125
22.375,-0.125
22.390625,-0.125
22.40625,-0.12890625
22.421875,-0.12109375
22.4375,-0.125
22.453125,-0.12109375
22.46875,-0.12890625
22.484375,-0.12890625
22.5,-0.12109375
22.515625,-0.1328125
22.53125,-0.1328125
22.546875,-0.12890625
22.5625,-0.1328125
22.578125,-0.125
22.59375,-0.12890625
22.609375,-0.12109375
22.625,-0.1171875
22.640625,-0.13671875
22.65625,-0.12109375
22.671875,-0.12890625
22.6875,-0.125
22.703125,-0.125
22.71875,-0.12109375
22.734375,-0.11328125
22.75,-0.1328125
22.765625,-0.13671875
22.78125,-0.140625
22.796875,-0.125
22.8125,-0.109375
22.828125,-0.125
22.84375,-0.125
22.859375,-0.12890625
22.875,-0.1328125
22.890625,-0.12109375
22.90625,-0.1328125
22.921875,-0.12890625
22.9375,-0.12890625
22.953125,-0.12109375
22.96875,-0.109375
22.984375,-0.12109375
23,-0.125
23.015625,-0.12890625
23.03125,-0.12890625
23.046875,-0.12890625
23.0625,-0.12109375
23.078125,-0.1328125
23.09375,-0.140625
23.109375,-0.1328125
23.125,-0.125
23.140625,-0.11328125
23.15625,-0.12890625
23.171875,-0.125
23.1875,-0.125
23.203125,-0.12890625
23.21875,-0.12109375
23.234375,-0.125
23.25,-0.125
23.265625,-0.12109375
23.28125,-0.12890625
23.296875,-0.125
23.3125,-0.1328125
23.328125,-0.13671875
23.34375,-0.1328125
23.359375,-0.125
23.375,-0.1171875
23.390625,-0.12109375
23.40625,-0.12890625
23.421875,-0.12890625
23.4375,-0.12109375
23.453125,-0.12109375
23.46875,-0.125
23.484375,-0.125
23.5,-0.12109375
23.515625,-0.12109375
23.53125,-0.12109375
23.546875,-0.12109375
23.5625,-0.12109375
23.578125,-0.12109375
23.59375,-0.12890625
23.609375,-0.12109375
23.625,-0.12109375
23.640625,-0.125
23.65625,-0.125
23.671875,-0.12109375
23.6875,-0.12109375
23.703125,-0.1171875
23.71875,-0.1171875
23.734375,-0.12109375
23.75,-0.125
23.765625,-0.12890625
23.78125,-0.1171875
23.796875,-0.125
23.8125,-0.12109375
23.828125,-0.12109375
23.84375,-0.1171875
23.859375,-0.11328125
23.875,-0.1171875
23.890625,-0.12109375
23.90625,-0.12109375
23.921875,-0.1171875
23.9375,-0.109375
23.953125,-0.12109375
23.96875,-0.1171875
23.984375,-0.12109375
24,-0.125
24.015625,-0.10546875
24.03125,-0.11328125
24.046875,-0.11328125
24.0625,-0.1171875
24.078125,-0.12109375
24.09375,-0.11328125
24.109375,-0.12109375
24.125,-0.12109375
24.140625,-0.1171875
24.15625,-0.11328125
24.171875,-0.10546875
24.1875,-0.1171875
24.203125,-0.12109375
24.21875,-0.12109375
24.234375,-0.12109375
24.25,-0.1015625
24.265625,-0.109375
24.28125,-0.109375
24.296875,-0.11328125
24.3125,-0.1171875
24.328125,-0.12109375
24.34375,-0.11328125
24.359375,-0.125
24.375,-0.125
24.390625,-0.12109375
24.40625,-0.11328125
24.421875,-0.09765625
24.4375,-0.1171875
24.453125,-0.11328125
24.46875,-0.1171875
24.484375,-0.1171875
24.5,-0.09765625
24.515625,-0.109375
24.53125,-0.11328125
24.546875,-0.1171875
24.5625,-0.11328125
24.578125,-0.1015625
24.59375,-0.109375
24.609375,-0.11328125
24.625,-0.11328125
24.640625,-0.1171875
24.65625,-0.10546875
24.671875,-0.109375
24.6875,-0.109375
24.703125,-0.10546875
24.71875,-0.109375
24.734375,-0.1015625
24.75,-0.11328125
24.765625,-0.11328125
24.78125,-0.109375
24.796875,-0.109375
24.8125,-0.10546875
24.828125,-0.1171875
24.84375,-0.1171875
24.859375,-0.12109375
24.875,-0.11328125
24.890625,-0.1015625
24.90625,-0.10546875
24.921875,-0.1015625
24.9375,-0.109375
24.953125,-0.109375
24.96875,-0.109375
24.984375,-0.109375
25,-0.109375
25.015625,-0.10546875
25.03125,-0.1015625
25.046875,-0.109375
25.0625,-0.1015625
25.078125,-0.11328125
25.09375,-0.109375
25.109375,-0.11328125
25.125,-0.109375
25.140625,-0.1015625
25.15625,-0.10546875
25.171875,-0.109375
25.1875,-0.109375
25.203125,-0.109375
25.21875,-0.10546875
25.234375,-0.10546875
25.25,-0.10546875
25.265625,-0.09765625
25.28125,-0.11328125
25.296875,-0.109375
25.3125,-0.10546875
25.328125,-0.10546875
25.34375,-0.1015625
25.359375,-0.11328125
25.375,-0.10546875
25.390625,-0.109375
25.40625,-0.109375
25.421875,-0.10546875
25.4375,-0.09765625
25.453125,-0.09765625
25.46875,-0.109375
25.484375,-0.109375
25.5,-0.109375
25.515625,-0.109375
25.53125,-0.09765625
25.546875,-0.10546875
25.5625,-0.10546875
25.578125,-0.109375
25.59375,-0.10546875
25.609375,-0.10546875
25.625,-0.1015625
25.640625,-0.10546875
25.65625,-0.10546875
25.671875,-0.1015625
25.6875,-0.1015625
25.703125,-0.09765625
25.71875,-0.109375
25.734375,-0.11328125
25.75,-0.1171875
25.765625,-0.09765625
25.78125,-0.0859375
25.796875,-0.09765625
25.8125,-0.1015625
25.828125,-0.1015625
25.84375,-0.11328125
25.859375,-0.1015625
25.875,-0.1015625
25.890625,-0.1015625
25.90625,-0.09765625
25.921875,-0.10546875
25.9375,-0.09375
25.953125,-0.10546875
25.96875,-0.109375
25.984375,-0.10546875
26,-0.10546875
26.015625,-0.08984375
26.03125,-0.1015625
26.046875,-0.1015625
26.0625,-0.10546875
26.078125,-0.109375
26.09375,-0.08984375
26.109375,-0.1015625
26.125,-0.1015625
26.140625,-0.09765625
26.15625,-0.09765625
26.171875,-0.0859375
26.1875,-0.1015625
26.203125,-0.10546875
26.21875,-0.10546875
26.234375,-0.09765625
26.25,-0.10546875
26.265625,-0.08984375
26.28125,-0.109375
26.296875,-0.109375
26.3125,-0.1015625
26.328125,-0.09375
26.34375,-0.08984375
26.359375,-0.1015625
26.375,-0.1015625
26.390625,-0.1015625
26.40625,-0.109375
26.421875,-0.1015625
26.4375,-0.109375
26.453125,-0.109375
26.46875,-0.109375
26.484375,-0.09765625
26.5,-0.09765625
26.515625,-0.10546875
26.53125,-0.1015625
26.546875,-0.10546875
26.5625,-0.109375
26.578125,-0.09765625
26.59375,-0.1015625
26.609375,-0.10546875
26.625,-0.1015625
26.640625,-0.10546875
26.65625,-0.1015625
26.671875,-0.10546875
26.6875,-0.109375
26.703125,-0.1015625
26.71875,-0.10546875
26.734375,-0.11328125
26.75,-0.1171875
26.765625,-0.109375
26.78125,-0.109375
26.796875,-0.109375
26.8125,-0.1015625
26.828125,-0.1015625
26.84375,-0.10546875
26.859375,-0.1015625
26.875,-0.11328125
26.890625,-0.109375
26.90625,-0.109375
26.921875,-0.109375
26.9375,-0.10546875
26.953125,-0.109375
26.96875,-0.109375
26.984375,-0.109375
27,-0.10546875
27.015625,-0.10546875
27.03125,-0.109375
27.046875,-0.11328125
27.0625,-0.11328125
27.078125,-0.10546875
27.09375,-0.10546875
27.109375,-0.109375
27.125,-0.10546875
27.140625,-0.10546875
27.15625,-0.11328125
27.171875,-0.12109375
27.1875,-0.125
27.203125,-0.109375
27.21875,-0.1015625
27.234375,-0.109375
27.25,-0.109375
27.265625,-0.10546875
27.28125,-0.125
27.296875,-0.11328125
27.3125,-0.12109375
27.328125,-0.1171875
27.34375,-0.1171875
27.359375,-0.109375
27.375,-0.1015625
27.390625,-0.11328125
27.40625,-0.1171875
27.421875,-0.12109375
27.4375,-0.1171875
27.453125,-0.10546875
27.46875,-0.12109375
27.484375,-0.125
27.5,-0.12109375
27.515625,-0.12890625
27.53125,-0.12109375
27.546875,-0.1171875
27.5625,-0.12109375
27.578125,-0.12890625
27.59375,-0.125
27.609375,-0.12890625
27.625,-0.109375
27.640625,-0.12109375
27.65625,-0.1171875
27.671875,-0.1171875
27.6875,-0.125
27.703125,-0.109375
27.71875,-0.12109375
27.734375,-0.125
27.75,-0.12890625
27.765625,-0.125
27.78125,-0.11328125
27.796875,-0.12890625
27.8125,-0.12890625
27.828125,-0.12890625
27.84375,-0.125
27.859375,-0.1171875
27.875,-0.1328125
27.890625,-0.13671875
27.90625,-0.140625
27.921875,-0.1328125
27.9375,-0.11328125
27.953125,-0.12890625
27.96875,-0.125
27.984375,-0.12890625
28,-0.13671875
28.015625,-0.1328125
28.03125,-0.1328125
28.046875,-0.1328125
28.0625,-0.1328125
28.078125,-0.1328125
28.09375,-0.1171875
28.109375,-0.1328125
28.125,-0.1328125
28.140625,-0.12890625
28.15625,-0.12890625
28.171875,-0.13671875
28.1875,-0.1328125
28.203125,-0.13671875
28.21875,-0.140625
28.234375,-0.13671875
28.25,-0.12890625
28.265625,-0.12109375
28.28125,-0.12890625
28.296875,-0.125
28.3125,-0.125
28.328125,-0.1328125
28.34375,-0.14453125
28.359375,-0.1484375
28.375,-0.140625
28.390625,-0.12890625
28.40625,-0.12890625
28.421875,-0.12890625
28.4375,-0.140625
28.453125,-0.14453125
28.46875,-0.140625
28.484375,-0.13671875
28.5,-0.13671875
28.515625,-0.125
28.53125,-0.12890625
28.546875,-0.125
28.5625,-0.1328125
28.578125,-0.1328125
28.59375,-0.1328125
28.609375,-0.13671875
28.625,-0.13671875
28.640625,-0.13671875
28.65625,-0.1328125
28.671875,-0.12890625
28.6875,-0.12890625
28.703125,-0.1328125
28.71875,-0.1328125
28.734375,-0.125
28.75,-0.1328125
28.765625,-0.1328125
28.78125,-0.1328125
28.796875,-0.12890625
28.8125,-0.1328125
28.828125,-0.125
28.84375,-0.12890625
28.859375,-0.12890625
28.875,-0.12890625
28.890625,-0.12890625
28.90625,-0.1171875
28.921875,-0.12890625
28.9375,-0.12890625
28.953125,-0.13671875
28.96875,-0.13671875
28.984375,-0.12109375
29,-0.1328125
29.015625,-0.1328125
29.03125,-0.13671875
29.046875,-0.12890625
29.0625,-0.1171875
29.078125,-0.125
29.09375,-0.125
29.109375,-0.1328125
29.125,-0.12890625
29.140625,-0.125
29.15625,-0.1328125
29.171875,-0.13671875
29.1875,-0.13671875
29.203125,-0.12890625
29.21875,-0.12109375
29.234375,-0.125
29.25,-0.12890625
29.265625,-0.125
29.28125,-0.12890625
29.296875,-0.12109375
29.3125,-0.12890625
29.328125,-0.125
29.34375,-0.1328125
29.359375,-0.1328125
29.375,-0.12109375
29.390625,-0.140625
29.40625,-0.13671875
29.421875,-0.1328125
29.4375,-0.12890625
29.453125,-0.125
29.46875,-0.109375
29.484375,-0.125
29.5,-0.12890625
29.515625,-0.1328125
29.53125,-0.1328125
29.546875,-0.12109375
29.5625,-0.12890625
29.578125,-0.125
29.59375,-0.125
29.609375,-0.13671875
29.625,-0.1171875
29.640625,-0.1328125
29.65625,-0.13671875
29.671875,-0.13671875
29.6875,-0.12890625
29.703125,-0.1171875
29.71875,-0.12890625
29.734375,-0.1328125
29.75,-0.1328125
29.765625,-0.1328125
29.78125,-0.12890625
29.796875,-0.1328125
29.8125,-0.12890625
29.828125,-0.12890625
29.84375,-0.1328125
29.859375,-0.125
29.875,-0.1328125
29.890625,-0.12890625
29.90625,-0.12890625
29.921875,-0.12890625
29.9375,-0.12890625
29.953125,-0.13671875
29.96875,-0.1328125
29.984375,-0.13671875
30,-0.12890625
30.015625,-0.125
30.03125,-0.12109375
30.046875,-0.12109375
30.0625,-0.12890625
30.078125,-0.12890625
30.09375,-0.1328125
30.109375,-0.125
30.125,-0.12890625
30.140625,-0.13671875
30.15625,-0.13671875
30.171875,-0.13671875
30.1875,-0.12890625
30.203125,-0.12109375
30.21875,-0.125
30.234375,-0.12890625
30.25,-0.1328125
30.265625,-0.12109375
30.28125,-0.12109375
30.296875,-0.125
30.3125,-0.125
30.328125,-0.13671875
30.34375,-0.12890625
30.359375,-0.125
30.375,-0.125
30.390625,-0.12890625
30.40625,-0.12109375
30.421875,-0.1171875
30.4375,-0.12109375
30.453125,-0.1328125
30.46875,-0.13671875
30.484375,-0.12890625
30.5,-0.12109375
30.515625,-0.125
30.53125,-0.125
30.546875,-0.125
30.5625,-0.12109375
30.578125,-0.1171875
30.59375,-0.12890625
30.609375,-0.12890625
30.625,-0.125
30.640625,-0.12890625
30.65625,-0.1171875
30.671875,-0.125
30.6875,-0.1328125
30.703125,-0.1328125
30.71875,-0.12890625
30.734375,-0.125
30.75,-0.1171875
30.765625,-0.125
30.78125,-0.1328125
30.796875,-0.12890625
30.8125,-0.1328125
30.828125,-0.1171875
30.84375,-0.12890625
30.859375,-0.125
30.875,-0.12890625
30.890625,-0.125
30.90625,-0.109375
30.921875,-0.12109375
30.9375,-0.1328125
30.953125,-0.1328125
30.96875,-0.12890625
30.984375,-0.11328125
31,-0.1171875
31.015625,-0.12109375
31.03125,-0.12890625
31.046875,-0.12890625
31.0625,-0.1171875
31.078125,-0.125
31.09375,-0.125
31.109375,-0.12109375
31.125,-0.12109375
31.140625,-0.109375
31.15625,-0.12109375
31.171875,-0.12890625
31.1875,-0.12890625
31.203125,-0.125
31.21875,-0.11328125
31.234375,-0.12109375
31.25,-0.1171875
31.265625,-0.1171875
31.28125,-0.125
31.296875,-0.11328125
31.3125,-0.125
31.328125,-0.12109375
31.34375,-0.125
31.359375,-0.1328125
31.375,-0.125
31.390625,-0.11328125
31.40625,-0.12109375
31.421875,-0.1171875
31.4375,-0.1171875
31.453125,-0.11328125
31.46875,-0.109375
31.484375,-0.12109375
31.5,-0.12109375
31.515625,-0.125
31.53125,-0.12109375
31.546875,-0.1171875
31.5625,-0.12109375
31.578125,-0.12109375
31.59375,-0.12109375
31.609375,-0.1171875
31.625,-0.10546875
31.640625,-0.109375
31.65625,-0.11328125
31.671875,-0.1171875
31.6875,-0.12109375
31.703125,-0.11328125
31.71875,-0.12109375
31.734375,-0.1171875
31.75,-0.1171875
31.765625,-0.109375
31.78125,-0.11328125
31.796875,-0.11328125
31.8125,-0.1171875
31.828125,-0.12109375
31.84375,-0.1171875
31.859375,-0.1171875
31.875,-0.11328125
31.890625,-0.109375
31.90625,-0.109375
31.921875,-0.11328125
31.9375,-0.109375
31.953125,-0.10546875
31.96875,-0.11328125
31.984375,-0.1171875
32,-0.11328125
32.015625,-0.109375
32.03125,-0.109375
32.046875,-0.11328125
32.0625,-0.1171875
32.078125,-0.11328125
32.09375,-0.11328125
32.109375,-0.1171875
32.125,-0.1171875
32.140625,-0.11328125
32.15625,-0.1171875
32.171875,-0.1171875
32.1875,-0.109375
32.203125,-0.1171875
32.21875,-0.11328125
32.234375,-0.109375
32.25,-0.11328125
32.265625,-0.10546875
32.28125,-0.11328125
32.296875,-0.12109375
32.3125,-0.109375
32.328125,-0.109375
32.34375,-0.1015625
32.359375,-0.11328125
32.375,-0.11328125
32.390625,-0.12109375
32.40625,-0.10546875
32.421875,-0.09375
32.4375,-0.109375
32.453125,-0.10546875
32.46875,-0.109375
32.484375,-0.109375
32.5,-0.10546875
32.515625,-0.1171875
32.53125,-0.11328125
32.546875,-0.1171875
32.5625,-0.11328125
32.578125,-0.09765625
32.59375,-0.109375
32.609375,-0.10546875
32.625,-0.109375
32.640625,-0.11328125
32.65625,-0.11328125
32.671875,-0.1015625
32.6875,-0.11328125
32.703125,-0.10546875
32.71875,-0.10546875
32.734375,-0.109375
32.75,-0.09375
32.765625,-0.109375
32.78125,-0.109375
32.796875,-0.109375
32.8125,-0.11328125
32.828125,-0.1015625
32.84375,-0.11328125
32.859375,-0.11328125
32.875,-0.109375
32.890625,-0.1015625
32.90625,-0.09765625
32.921875,-0.10546875
32.9375,-0.1015625
32.953125,-0.10546875
32.96875,-0.11328125
32.984375,-0.09765625
33,-0.09375
33.015625,-0.08984375
33.03125,-0.08984375
33.046875,-0.11328125
33.0625,-0.09765625
33.078125,-0.10546875
33.09375,-0.1015625
33.109375,-0.1015625
33.125,-0.109375
33.140625,-0.1015625
33.15625,-0.10546875
33.171875,-0.109375
33.1875,-0.125
33.203125,-0.09765625
33.21875,-0.09375
33.234375,-0.1015625
33.25,-0.1015625
33.265625,-0.11328125
33.28125,-0.109375
33.296875,-0.109375
33.3125,-0.09765625
33.328125,-0.109375
33.34375,-0.1015625
33.359375,-0.10546875
33.375,-0.109375
33.390625,-0.109375
33.40625,-0.109375
33.421875,-0.1015625
33.4375,-0.09765625
33.453125,-0.10546875
33.46875,-0.109375
33.484375,-0.109375
33.5,-0.11328125
33.515625,-0.11328125
33.53125,-0.10546875
33.546875,-0.10546875
33.5625,-0.1015625
33.578125,-0.1171875
33.59375,-0.109375
33.609375,-0.09765625
33.625,-0.09765625
33.640625,-0.10546875
33.65625,-0.11328125
33.671875,-0.1171875
33.6875,-0.09765625
33.703125,-0.0859375
33.71875,-0.09765625
33.734375,-0.1015625
33.75,-0.1015625
33.765625,-0.1015625
33.78125,-0.1015625
33.796875,-0.1015625
33.8125,-0.10546875
33.828125,-0.10546875
33.84375,-0.1015625
33.859375,-0.09375
33.875,-0.1015625
33.890625,-0.10546875
33.90625,-0.109375
33.921875,-0.109375
33.9375,-0.10546875
33.953125,-0.08984375
33.96875,-0.1015625
33.984375,-0.1015625
34,-0.1015625
34.015625,-0.1015625
34.03125,-0.09375
34.046875,-0.1015625
34.0625,-0.10546875
34.078125,-0.109375
34.09375,-0.10546875
34.109375,-0.08203125
34.125,-0.109375
34.140625,-0.10546875
34.15625,-0.109375
34.171875,-0.1015625
34.1875,-0.08984375
34.203125,-0.10546875
34.21875,-0.10546875
34.234375,-0.10546875
34.25,-0.09765625
34.265625,-0.08203125
34.28125,-0.09765625
34.296875,-0.09765625
34.3125,-0.109375
34.328125,-0.109375
34.34375,-0.08203125
34.359375,-0.08984375
34.375,-0.09375
34.390625,-0.09375
34.40625,-0.11328125
34.421875,-0.1015625
34.4375,-0.109375
34.453125,-0.11328125
34.46875,-0.109375
34.484375,-0.1015625
34.5,-0.09765625
34.515625,-0.109375
34.53125,-0.10546875
34.546875,-0.10546875
34.5625,-0.109375
34.578125,-0.1015625
34.59375,-0.09375
34.609375,-0.10546875
34.625,-0.109375
34.640625,-0.109375
34.65625,-0.1015625
34.671875,-0.09375
34.6875,-0.1015625
34.703125,-0.10546875
34.71875,-0.109375
34.734375,-0.109375
34.75,-0.1015625
34.765625,-0.11328125
34.78125,-0.10546875
34.796875,-0.109375
34.8125,-0.10546875
34.828125,-0.09765625
34.84375,-0.10546875
34.859375,-0.109375
34.875,-0.109375
34.890625,-0.10546875
34.90625,-0.10546875
34.921875,-0.109375
34.9375,-0.109375
34.953125,-0.109375
34.96875,-0.10546875
34.984375,-0.09765625
35,-0.109375
35.015625,-0.10546875
35.03125,-0.109375
35.046875,-0.12109375
35.0625,-0.11328125
35.078125,-0.109375
35.09375,-0.10546875
35.109375,-0.1015625
35.125,-0.109375
35.140625,-0.109375
35.15625,-0.109375
35.171875,-0.109375
35.1875,-0.10546875
35.203125,-0.09765625
35.21875,-0.1015625
35.234375,-0.109375
35.25,-0.10546875
35.265625,-0.11328125
35.28125,-0.109375
35.296875,-0.10546875
35.3125,-0.1015625
35.328125,-0.10546875
35.34375,-0.109375
35.359375,-0.109375
35.375,-0.109375
35.390625,-0.1015625
35.40625,-0.109375
35.421875,-0.10546875
35.4375,-0.10546875
35.453125,-0.109375
35.46875,-0.10546875
35.484375,-0.109375
35.5,-0.109375
35.515625,-0.109375
35.53125,-0.11328125
35.546875,-0.109375
35.5625,-0.109375
35.578125,-0.109375
35.59375,-0.109375
35.609375,-0.1171875
35.625,-0.109375
35.640625,-0.11328125
35.65625,-0.1171875
35.671875,-0.11328125
35.6875,-0.1171875
35.703125,-0.10546875
35.71875,-0.11328125
35.734375,-0.1171875
35.75,-0.125
35.765625,-0.11328125
35.78125,-0.09765625
35.796875,-0.1171875
35.8125,-0.12109375
35.828125,-0.12890625
35.84375,-0.12890625
35.859375,-0.125
35.875,-0.10546875
35.890625,-0.11328125
35.90625,-0.1171875
35.921875,-0.125
35.9375,-0.12890625
35.953125,-0.12109375
35.96875,-0.12890625
35.984375,-0.125
36,-0.125
36.015625,-0.1328125
36.03125,-0.12109375
36.046875,-0.12890625
36.0625,-0.12890625
36.078125,-0.125
36.09375,-0.125
36.109375,-0.11328125
36.125,-0.13671875
36.140625,-0.12890625
36.15625,-0.12890625
36.171875,-0.13671875
36.1875,-0.12890625
36.203125,-0.14453125
36.21875,-0.140625
36.234375,-0.13671875
36.25,-0.1171875
36.265625,-0.1171875
36.28125,-0.1328125
36.296875,-0.13671875
36.3125,-0.13671875
36.328125,-0.140625
36.34375,-0.13671875
36.359375,-0.14453125
36.375,-0.14453125
36.390625,-0.140625
36.40625,-0.13671875
36.421875,-0.125
36.4375,-0.12890625
36.453125,-0.1328125
36.46875,-0.1328125
36.484375,-0.1328125
36.5,-0.1328125
36.515625,-0.12890625
36.53125,-0.13671875
36.546875,-0.1328125
36.5625,-0.13671875
36.578125,-0.140625
36.59375,-0.1328125
36.609375,-0.140625
36.625,-0.1328125
36.640625,-0.13671875
36.65625,-0.140625
36.671875,-0.14453125
36.6875,-0.1328125
36.703125,-0.1328125
36.71875,-0.125
36.734375,-0.1328125
36.75,-0.1328125
36.765625,-0.13671875
36.78125,-0.140625
36.796875,-0.140625
36.8125,-0.13671875
36.828125,-0.1328125
36.84375,-0.13671875
36.859375,-0.140625
36.875,-0.1328125
36.890625,-0.1328125
36.90625,-0.12890625
36.921875,-0.1328125
36.9375,-0.13671875
36.953125,-0.13671875
36.96875,-0.13671875
36.984375,-0.1328125
37,-0.13671875
37.015625,-0.13671875
37.03125,-0.13671875
37.046875,-0.140625
37.0625,-0.1328125
37.078125,-0.13671875
37.09375,-0.1328125
37.109375,-0.1328125
37.125,-0.140625
37.140625,-0.140625
37.15625,-0.1328125
37.171875,-0.140625
37.1875,-0.13671875
37.203125,-0.13671875
37.21875,-0.140625
37.234375,-0.12890625
37.25,-0.13671875
37.265625,-0.140625
37.28125,-0.13671875
37.296875,-0.13671875
37.3125,-0.12109375
37.328125,-0.12890625
37.34375,-0.13671875
37.359375,-0.140625
37.375,-0.140625
37.390625,-0.125
37.40625,-0.13671875
37.421875,-0.140625
37.4375,-0.13671875
37.453125,-0.140625
37.46875,-0.12890625
37.484375,-0.13671875
37.5,-0.1484375
37.515625,-0.1484375
37.53125,-0.12890625
37.546875,-0.11328125
37.5625,-0.12890625
37.578125,-0.13671875
37.59375,-0.140625
37.609375,-0.14453125
37.625,-0.1328125
37.640625,-0.13671875
37.65625,-0.13671875
37.671875,-0.13671875
37.6875,-0.140625
37.703125,-0.125
37.71875,-0.13671875
37.734375,-0.13671875
37.75,-0.140625
37.765625,-0.140625
37.78125,-0.140625
37.796875,-0.12890625
37.8125,-0.13671875
37.828125,-0.14453125
37.84375,-0.14453125
37.859375,-0.140625
37.875,-0.12890625
37.890625,-0.140625
37.90625,-0.1484375
37.921875,-0.14453125
37.9375,-0.13671875
37.953125,-0.1328125
37.96875,-0.13671875
37.984375,-0.140625
38,-0.14453125
38.015625,-0.14453125
38.03125,-0.13671875
38.046875,-0.13671875
38.0625,-0.1328125
38.078125,-0.13671875
38.09375,-0.140625
38.109375,-0.1328125
38.125,-0.14453125
38.140625,-0.14453125
38.15625,-0.140625
38.171875,-0.1328125
38.1875,-0.1328125
38.203125,-0.140625
38.21875,-0.14453125
38.234375,-0.14453125
38.25,-0.140625
38.265625,-0.1328125
38.28125,-0.13671875
38.296875,-0.13671875
38.3125,-0.140625
38.328125,-0.140625
38.34375,-0.14453125
38.359375,-0.140625
38.375,-0.13671875
38.390625,-0.13671875
38.40625,-0.140625
38.421875,-0.140625
38.4375,-0.13671875
38.453125,-0.13671875
38.46875,-0.14453125
38.484375,-0.14453125
38.5,-0.12890625
38.515625,-0.12890625
38.53125,-0.140625
38.546875,-0.14453125
38.5625,-0.1484375
38.578125,-0.140625
38.59375,-0.12890625
38.609375,-0.1328125
38.625,-0.13671875
38.640625,-0.140625
38.65625,-0.1484375
38.671875,-0.13671875
38.6875,-0.14453125
38.703125,-0.14453125
38.71875,-0.14453125
38.734375,-0.140625
38.75,-0.1328125
38.765625,-0.13671875
38.78125,-0.14453125
38.796875,-0.140625
38.8125,-0.13671875
38.828125,-0.12890625
38.84375,-0.140625
38.859375,-0.14453125
38.875,-0.14453125
38.890625,-0.140625
38.90625,-0.1328125
38.921875,-0.13671875
38.9375,-0.140625
38.953125,-0.13671875
38.96875,-0.140625
38.984375,-0.12890625
39,-0.140625
39.015625,-0.1484375
39.03125,-0.1484375
39.046875,-0.140625
39.0625,-0.140625
39.078125,-0.125
39.09375,-0.13671875
39.109375,-0.140625
39.125,-0.14453125
39.140625,-0.14453125
39.15625,-0.12890625
39.171875,-0.1328125
39.1875,-0.12890625
39.203125,-0.125
39.21875,-0.14453125
39.234375,-0.1328125
39.25,-0.1484375
39.265625,-0.1484375
39.28125,-0.140625
39.296875,-0.13671875
39.3125,-0.125
39.328125,-0.13671875
39.34375,-0.14453125
39.359375,-0.140625
39.375,-0.140625
39.390625,-0.1328125
39.40625,-0.140625
39.421875,-0.13671875
39.4375,-0.13671875
39.453125,-0.15234375
39.46875,-0.13671875
39.484375,-0.14453125
39.5,-0.13671875
39.515625,-0.1328125
39.53125,-0.140625
39.546875,-0.12890625
39.5625,-0.14453125
39.578125,-0.14453125
39.59375,-0.140625
39.609375,-0.13671875
39.625,-0.1328125
39.640625,-0.13671875
39.65625,-0.140625
39.671875,-0.13671875
39.6875,-0.140625
39.703125,-0.140625
39.71875,-0.140625
39.734375,-0.14453125
39.75,-0.140625
39.765625,-0.140625
39.78125,-0.140625
39.796875,-0.140625
39.8125,-0.13671875
39.828125,-0.13671875
39.84375,-0.140625
39.859375,-0.140625
39.875,-0.1328125
39.890625,-0.12890625
39.90625,-0.13671875
39.921875,-0.14453125
39.9375,-0.140625
39.953125,-0.140625
39.96875,-0.12890625
39.984375,-0.1328125
40,-0.12890625
40.015625,-0.14453125
40.03125,-0.140625
40.046875,-0.140625
40.0625,-0.140625
40.078125,-0.13671875
40.09375,-0.13671875
40.109375,-0.12890625
40.125,-0.12890625
40.140625,-0.1328125
40.15625,-0.1328125
40.171875,-0.13671875
40.1875,-0.12890625
40.203125,-0.12890625
40.21875,-0.12890625
40.234375,-0.12890625
40.25,-0.1328125
40.265625,-0.125
40.28125,-0.1328125
40.296875,-0.12890625
40.3125,-0.125
40.328125,-0.1328125
40.34375,-0.12890625
40.359375,-0.1171875
40.375,-0.12890625
40.390625,-0.12890625
40.40625,-0.12890625
40.421875,-0.140625
40.4375,-0.12109375
40.453125,-0.1328125
40.46875,-0.12890625
40.484375,-0.12890625
40.5,-0.12890625
40.515625,-0.12109375
40.53125,-0.12890625
40.546875,-0.1328125
40.5625,-0.12890625
40.578125,-0.1328125
40.59375,-0.125
40.609375,-0.12890625
40.625,-0.12890625
40.640625,-0.12890625
40.65625,-0.12890625
40.671875,-0.12109375
40.6875,-0.1328125
40.703125,-0.13671875
40.71875,-0.1328125
40.734375,-0.1171875
40.75,-0.10546875
40.765625,-0.12109375
40.78125,-0.12109375
40.796875,-0.125
40.8125,-0.1328125
40.828125,-0.1171875
40.84375,-0.12890625
40.859375,-0.125
40.875,-0.12109375
40.890625,-0.12109375
40.90625,-0.1171875
40.921875,-0.125
40.9375,-0.125
40.953125,-0.125
40.96875,-0.12109375
40.984375,-0.125
41,-0.109375
41.015625,-0.125
41.03125,-0.12109375
41.046875,-0.12109375
41.0625,-0.125
41.078125,-0.11328125
41.09375,-0.12890625
41.109375,-0.12890625
41.125,-0.125
41.140625,-0.1171875
41.15625,-0.11328125
41.171875,-0.125
41.1875,-0.12890625
41.203125,-0.125
41.21875,-0.1171875
41.234375,-0.1171875
41.25,-0.1171875
41.265625,-0.1171875
41.28125,-0.125
41.296875,-0.12109375
41.3125,-0.11328125
41.328125,-0.11328125
41.34375,-0.11328125
41.359375,-0.11328125
41.375,-0.1171875
41.390625,-0.1171875
41.40625,-0.12109375
41.421875,-0.125
41.4375,-0.12890625
41.453125,-0.109375
41.46875,-0.109375
41.484375,-0.109375
41.5,-0.11328125
41.515625,-0.1171875
41.53125,-0.11328125
41.546875,-0.11328125
41.5625,-0.11328125
41.578125,-0.1171875
41.59375,-0.1171875
41.609375,-0.1171875
41.625,-0.11328125
41.640625,-0.1171875
41.65625,-0.109375
41.671875,-0.1171875
41.6875,-0.1171875
41.703125,-0.11328125
41.71875,-0.11328125
41.734375,-0.1171875
41.75,-0.1171875
41.765625,-0.1171875
41.78125,-0.1171875
41.796875,-0.109375
41.8125,-0.11328125
41.828125,-0.11328125
41.84375,-0.11328125
41.859375,-0.12109375
41.875,-0.10546875
41.890625,-0.109375
41.90625,-0.11328125
41.921875,-0.1171875
41.9375,-0.1171875
41.953125,-0.10546875
41.96875,-0.11328125
41.984375,-0.1171875
42,-0.11328125
42.015625,-0.11328125
42.03125,-0.10546875
42.046875,-0.109375
42.0625,-0.109375
42.078125,-0.109375
42.09375,-0.12109375
42.109375,-0.109375
42.125,-0.12109375
42.140625,-0.1171875
42.15625,-0.1171875
42.171875,-0.11328125
42.1875,-0.1015625
42.203125,-0.1171875
42.21875,-0.11328125
42.234375,-0.11328125
42.25,-0.109375
42.265625,-0.109375
42.28125,-0.09375
42.296875,-0.10546875
42.3125,-0.11328125
42.328125,-0.11328125
42.34375,-0.1171875
42.359375,-0.1015625
42.375,-0.109375
42.390625,-0.10546875
42.40625,-0.11328125
42.421875,-0.11328125
42.4375,-0.09765625
42.453125,-0.109375
42.46875,-0.109375
42.484375,-0.11328125
42.5,-0.11328125
42.515625,-0.1015625
42.53125,-0.109375
42.546875,-0.109375
42.5625,-0.1015625
42.578125,-0.11328125
42.59375,-0.10546875
42.609375,-0.11328125
42.625,-0.11328125
42.640625,-0.109375
42.65625,-0.11328125
42.671875,-0.10546875
42.6875,-0.109375
42.703125,-0.10546875
42.71875,-0.109375
42.734375,-0.10546875
42.75,-0.09765625
42.765625,-0.1171875
42.78125,-0.12109375
42.796875,-0.11328125
42.8125,-0.10546875
42.828125,-0.1015625
42.84375,-0.10546875
42.859375,-0.10546875
42.875,-0.10546875
42.890625,-0.109375
42.90625,-0.10546875
42.921875,-0.1015625
42.9375,-0.10546875
42.953125,-0.11328125
42.96875,-0.109375
42.984375,-0.109375
43,-0.10546875
43.015625,-0.10546875
43.03125,-0.109375
43.046875,-0.11328125
43.0625,-0.11328125
43.078125,-0.11328125
43.09375,-0.1171875
43.109375,-0.1171875
43.125,-0.11328125
43.140625,-0.109375
43.15625,-0.109375
43.171875,-0.10546875
43.1875,-0.109375
43.203125,-0.1015625
43.21875,-0.11328125
43.234375,-0.109375
43.25,-0.109375
43.265625,-0.1171875
43.28125,-0.109375
43.296875,-0.10546875
43.3125,-0.09765625
43.328125,-0.11328125
43.34375,-0.11328125
43.359375,-0.1171875
43.375,-0.109375
43.390625,-0.10546875
43.40625,-0.109375
43.421875,-0.109375
43.4375,-0.109375
43.453125,-0.1171875
43.46875,-0.109375
43.484375,-0.1171875
43.5,-0.12109375
43.515625,-0.1171875
43.53125,-0.10546875
43.546875,-0.1015625
43.5625,-0.1015625
43.578125,-0.109375
43.59375,-0.1171875
43.609375,-0.11328125
43.625,-0.10546875
43.640625,-0.09765625
43.65625,-0.109375
43.671875,-0.11328125
43.6875,-0.109375
43.703125,-0.11328125
43.71875,-0.1015625
43.734375,-0.109375
43.75,-0.109375
43.765625,-0.10546875
43.78125,-0.11328125
43.796875,-0.10546875
43.8125,-0.11328125
43.828125,-0.1171875
43.84375,-0.109375
43.859375,-0.11328125
43.875,-0.1015625
43.890625,-0.10546875
43.90625,-0.109375
43.921875,-0.11328125
43.9375,-0.109375
43.953125,-0.09765625
43.96875,-0.109375
43.984375,-0.109375
44,-0.11328125
44.015625,-0.1171875
44.03125,-0.10546875
44.046875,-0.109375
44.0625,-0.109375
44.078125,-0.1015625
44.09375,-0.125
44.109375,-0.10546875
44.125,-0.1171875
44.140625,-0.11328125
44.15625,-0.10546875
44.171875,-0.109375
44.1875,-0.1171875
44.203125,-0.1015625
44.21875,-0.109375
44.234375,-0.11328125
44.25,-0.11328125
44.265625,-0.1328125
44.28125,-0.1171875
44.296875,-0.1171875
44.3125,-0.109375
44.328125,-0.10546875
44.34375,-0.12109375
44.359375,-0.1171875
44.375,-0.12890625
44.390625,-0.125
44.40625,-0.125
44.421875,-0.12109375
44.4375,-0.1171875
44.453125,-0.12890625
44.46875,-0.12109375
44.484375,-0.12109375
44.5,-0.125
44.515625,-0.12109375
44.53125,-0.125
44.546875,-0.12890625
44.5625,-0.125
44.578125,-0.12109375
44.59375,-0.12109375
44.609375,-0.125
44.625,-0.12890625
44.640625,-0.12890625
44.65625,-0.125
44.671875,-0.125
44.6875,-0.125
44.703125,-0.125
44.71875,-0.1328125
44.734375,-0.1328125
44.75,-0.12890625
44.765625,-0.12890625
44.78125,-0.1328125
44.796875,-0.1328125
44.8125,-0.12890625
44.828125,-0.1328125
44.84375,-0.12890625
44.859375,-0.125
44.875,-0.1328125
44.890625,-0.12890625
44.90625,-0.12890625
44.921875,-0.125
44.9375,-0.13671875
44.953125,-0.13671875
44.96875,-0.140625
44.984375,-0.14453125
45,-0.140625
45.015625,-0.13671875
45.03125,-0.12890625
45.046875,-0.1328125
45.0625,-0.1328125
45.078125,-0.125
45.09375,-0.1328125
45.109375,-0.140625
45.125,-0.1328125
45.140625,-0.13671875
45.15625,-0.1328125
45.171875,-0.140625
45.1875,-0.140625
45.203125,-0.13671875
45.21875,-0.140625
45.234375,-0.12890625
45.25,-0.140625
45.265625,-0.140625
45.28125,-0.13671875
45.296875,-0.1328125
45.3125,-0.12890625
45.328125,-0.140625
45.34375,-0.14453125
45.359375,-0.14453125
45.375,-0.13671875
45.390625,-0.1328125
45.40625,-0.140625
45.421875,-0.14453125
45.4375,-0.1484375
45.453125,-0.14453125
45.46875,-0.140625
45.484375,-0.125
45.5,-0.13671875
45.515625,-0.13671875
45.53125,-0.12890625
45.546875,-0.140625
45.5625,-0.12890625
45.578125,-0.13671875
45.59375,-0.140625
45.609375,-0.140625
45.625,-0.1484375
45.640625,-0.1328125
45.65625,-0.13671875
45.671875,-0.13671875
45.6875,-0.1328125
45.703125,-0.14453125
45.71875,-0.1328125
45.734375,-0.14453125
45.75,-0.14453125
45.765625,-0.140625
45.78125,-0.140625
45.796875,-0.12890625
45.8125,-0.140625
45.828125,-0.13671875
45.84375,-0.14453125
45.859375,-0.1328125
45.875,-0.12890625
45.890625,-0.13671875
45.90625,-0.14453125
45.921875,-0.140625
45.9375,-0.13671875
45.953125,-0.13671875
45.96875,-0.1328125
45.984375,-0.140625
46,-0.13671875
46.015625,-0.14453125
46.03125,-0.13671875
46.046875,-0.14453125
46.0625,-0.14453125
46.078125,-0.1484375
46.09375,-0.14453125
46.109375,-0.13671875
46.125,-0.12890625
46.140625,-0.1328125
46.15625,-0.140625
46.171875,-0.14453125
46.1875,-0.140625
46.203125,-0.13671875
46.21875,-0.13671875
46.234375,-0.13671875
46.25,-0.13671875
46.265625,-0.15234375
46.28125,-0.15625
46.296875,-0.15234375
46.3125,-0.1484375
46.328125,-0.14453125
46.34375,-0.140625
46.359375,-0.13671875
46.375,-0.12890625
46.390625,-0.12890625
46.40625,-0.1328125
46.421875,-0.14453125
46.4375,-0.14453125
46.453125,-0.14453125
46.46875,-0.140625
46.484375,-0.13671875
46.5,-0.13671875
46.515625,-0.12890625
46.53125,-0.13671875
46.546875,-0.140625
46.5625,-0.14453125
46.578125,-0.14453125
46.59375,-0.13671875
46.609375,-0.140625
46.625,-0.13671875
46.640625,-0.13671875
46.65625,-0.14453125
46.671875,-0.1328125
46.6875,-0.13671875
46.703125,-0.140625
46.71875,-0.140625
46.734375,-0.13671875
46.75,-0.1484375
46.765625,-0.13671875
46.78125,-0.13671875
46.796875,-0.13671875
46.8125,-0.13671875
46.828125,-0.1484375
46.84375,-0.13671875
46.859375,-0.14453125
46.875,-0.14453125
46.890625,-0.140625
46.90625,-0.140625
46.921875,-0.1328125
46.9375,-0.140625
46.953125,-0.15234375
46.96875,-0.14453125
46.984375,-0.13671875
47,-0.125
47.015625,-0.13671875
47.03125,-0.13671875
47.046875,-0.14453125
47.0625,-0.14453125
47.078125,-0.12890625
47.09375,-0.140625
47.109375,-0.13671875
47.125,-0.13671875
47.140625,-0.140625
47.15625,-0.125
47.171875,-0.140625
47.1875,-0.14453125
47.203125,-0.14453125
47.21875,-0.13671875
47.234375,-0.12890625
47.25,-0.14453125
47.265625,-0.14453125
47.28125,-0.140625
47.296875,-0.1328125
47.3125,-0.12109375
47.328125,-0.13671875
47.34375,-0.140625
47.359375,-0.140625
47.375,-0.14453125
47.390625,-0.13671875
47.40625,-0.12890625
47.421875,-0.13671875
47.4375,-0.140625
47.453125,-0.13671875
47.46875,-0.13671875
47.484375,-0.1328125
47.5,-0.14453125
47.515625,-0.14453125
47.53125,-0.14453125
47.546875,-0.14453125
47.5625,-0.1328125
47.578125,-0.140625
47.59375,-0.1328125
47.609375,-0.1328125
47.625,-0.14453125
47.640625,-0.13671875
47.65625,-0.1328125
47.671875,-0.1328125
47.6875,-0.1328125
47.703125,-0.140625
47.71875,-0.140625
47.734375,-0.1484375
47.75,-0.140625
47.765625,-0.13671875
47.78125,-0.13671875
47.796875,-0.1328125
47.8125,-0.140625
47.828125,-0.140625
47.84375,-0.13671875
47.859375,-0.140625
47.875,-0.13671875
47.890625,-0.140625
47.90625,-0.140625
47.921875,-0.140625
47.9375,-0.1328125
47.953125,-0.13671875
47.96875,-0.1328125
47.984375,-0.1328125
48,-0.140625
48.015625,-0.14453125
48.03125,-0.140625
48.046875,-0.12890625
48.0625,-0.1328125
48.078125,-0.1328125
48.09375,-0.13671875
48.109375,-0.14453125
48.125,-0.140625
48.140625,-0.140625
48.15625,-0.140625
48.171875,-0.140625
48.1875,-0.13671875
48.203125,-0.1328125
48.21875,-0.13671875
48.234375,-0.13671875
48.25,-0.13671875
48.265625,-0.140625
48.28125,-0.13671875
48.296875,-0.140625
48.3125,-0.14453125
48.328125,-0.14453125
48.34375,-0.14453125
48.359375,-0.12890625
48.375,-0.140625
48.390625,-0.13671875
48.40625,-0.13671875
48.421875,-0.14453125
48.4375,-0.13671875
48.453125,-0.140625
48.46875,-0.13671875
48.484375,-0.140625
48.5,-0.14453125
48.515625,-0.1328125
48.53125,-0.140625
48.546875,-0.140625
48.5625,-0.14453125
48.578125,-0.13671875
48.59375,-0.125
48.609375,-0.13671875
48.625,-0.140625
48.640625,-0.13671875
48.65625,-0.140625
48.671875,-0.1484375
48.6875,-0.12890625
48.703125,-0.14453125
48.71875,-0.13671875
48.734375,-0.140625
48.75,-0.1328125
48.765625,-0.125
48.78125,-0.140625
48.796875,-0.140625
48.8125,-0.140625
48.828125,-0.140625
48.84375,-0.125
48.859375,-0.140625
48.875,-0.14453125
48.890625,-0.14453125
48.90625,-0.1328125
48.921875,-0.12109375
48.9375,-0.13671875
48.953125,-0.140625
48.96875,-0.13671875
48.984375,-0.14453125
49,-0.1328125
49.015625,-0.140625
49.03125,-0.1328125
49.046875,-0.13671875
49.0625,-0.1328125
49.078125,-0.1328125
49.09375,-0.140625
49.109375,-0.140625
49.125,-0.140625
49.140625,-0.1328125
49.15625,-0.12109375
49.171875,-0.125
49.1875,-0.1328125
49.203125,-0.13671875
49.21875,-0.140625
49.234375,-0.1328125
49.25,-0.13671875
49.265625,-0.13671875
49.28125,-0.13671875
49.296875,-0.13671875
49.3125,-0.13671875
49.328125,-0.12890625
49.34375,-0.140625
49.359375,-0.140625
49.375,-0.13671875
49.390625,-0.13671875
49.40625,-0.12890625
49.421875,-0.1328125
49.4375,-0.13671875
49.453125,-0.13671875
49.46875,-0.13671875
49.484375,-0.13671875
49.5,-0.1328125
49.515625,-0.13671875
49.53125,-0.13671875
49.546875,-0.1328125
49.5625,-0.13671875
49.578125,-0.12890625
49.59375,-0.12890625
49.609375,-0.12890625
49.625,-0.140625
49.640625,-0.1328125
49.65625,-0.1328125
49.671875,-0.13671875
49.6875,-0.12890625
49.703125,-0.140625
49.71875,-0.13671875
49.734375,-0.13671875
49.75,-0.140625
49.765625,-0.14453125
49.78125,-0.1328125
49.796875,-0.125
49.8125,-0.1328125
49.828125,-0.1328125
49.84375,-0.13671875
49.859375,-0.1328125
49.875,-0.125
49.890625,-0.13671875
49.90625,-0.140625
49.921875,-0.13671875
49.9375,-0.140625
49.953125,-0.1328125
49.96875,-0.12109375
49.984375,-0.1328125
50,-0.13671875
50.015625,-0.1328125
50.03125,-0.12890625
50.046875,-0.12109375
50.0625,-0.12890625
50.078125,-0.12890625
50.09375,-0.1328125
50.109375,-0.140625
50.125,-0.125
50.140625,-0.13671875
50.15625,-0.12890625
50.171875,-0.125
50.1875,-0.12890625
50.203125,-0.125
50.21875,-0.13671875
50.234375,-0.140625
50.25,-0.13671875
50.265625,-0.13671875
50.28125,-0.12109375
50.296875,-0.1328125
50.3125,-0.12890625
50.328125,-0.12890625
50.34375,-0.13671875
50.359375,-0.125
50.375,-0.1328125
50.390625,-0.13671875
50.40625,-0.13671875
50.421875,-0.12890625
50.4375,-0.12109375
50.453125,-0.1328125
50.46875,-0.1328125
50.484375,-0.1328125
50.5,-0.12890625
50.515625,-0.1171875
50.53125,-0.12890625
50.546875,-0.12890625
50.5625,-0.13671875
50.578125,-0.1328125
50.59375,-0.125
50.609375,-0.11328125
50.625,-0.125
50.640625,-0.1328125
50.65625,-0.140625
50.671875,-0.1328125
50.6875,-0.12109375
50.703125,-0.125
50.71875,-0.125
50.734375,-0.12109375
50.75,-0.13671875
50.765625,-0.12890625
50.78125,-0.125
50.796875,-0.125
50.8125,-0.125
50.828125,-0.1328125
50.84375,-0.12890625
50.859375,-0.12890625
50.875,-0.12890625
50.890625,-0.125
50.90625,-0.1328125
50.921875,-0.1171875
50.9375,-0.12890625
50.953125,-0.12890625
50.96875,-0.12890625
50.984375,-0.125
51,-0.12109375
51.015625,-0.125
51.03125,-0.125
51.046875,-0.1328125
51.0625,-0.12890625
51.078125,-0.125
51.09375,-0.1171875
51.109375,-0.12109375
51.125,-0.12109375
51.140625,-0.125
51.15625,-0.12109375
51.171875,-0.125
51.1875,-0.12890625
51.203125,-0.125
51.21875,-0.12109375
51.234375,-0.125
51.25,-0.12109375
51.265625,-0.125
51.28125,-0.125
51.296875,-0.125
51.3125,-0.12109375
51.328125,-0.12109375
51.34375,-0.1171875
51.359375,-0.12109375
51.375,-0.125
51.390625,-0.12109375
51.40625,-0.12109375
51.421875,-0.12890625
51.4375,-0.12890625
51.453125,-0.125
51.46875,-0.12109375
51.484375,-0.11328125
51.5,-0.125
51.515625,-0.125
51.53125,-0.125
51.546875,-0.125
51.5625,-0.11328125
51.578125,-0.125
51.59375,-0.1171875
51.609375,-0.12109375
51.625,-0.12109375
51.640625,-0.11328125
51.65625,-0.125
51.671875,-0.125
51.6875,-0.125
51.703125,-0.1171875
51.71875,-0.10546875
51.734375,-0.11328125
51.75,-0.1171875
51.765625,-0.1171875
51.78125,-0.12109375
51.796875,-0.11328125
51.8125,-0.1171875
51.828125,-0.1171875
51.84375,-0.1171875
51.859375,-0.1171875
51.875,-0.125
51.890625,-0.109375
51.90625,-0.12109375
51.921875,-0.12109375
51.9375,-0.1171875
51.953125,-0.1171875
51.96875,-0.10546875
51.984375,-0.12109375
52,-0.1171875
52.015625,-0.12109375
52.03125,-0.1171875
52.046875,-0.09765625
52.0625,-0.109375
52.078125,-0.109375
52.09375,-0.109375
52.109375,-0.1328125
52.125,-0.1171875
52.140625,-0.12109375
52.15625,-0.1171875
52.171875,-0.10546875
52.1875,-0.11328125
52.203125,-0.10546875
52.21875,-0.12109375
52.234375,-0.12890625
52.25,-0.12109375
52.265625,-0.11328125
52.28125,-0.09765625
52.296875,-0.109375
52.3125,-0.11328125
52.328125,-0.125
52.34375,-0.12109375
52.359375,-0.109375
52.375,-0.11328125
52.390625,-0.109375
52.40625,-0.1171875
52.421875,-0.1171875
52.4375,-0.11328125
52.453125,-0.11328125
52.46875,-0.1171875
52.484375,-0.1171875
52.5,-0.11328125
52.515625,-0.11328125
52.53125,-0.1171875
52.546875,-0.1171875
52.5625,-0.1171875
52.578125,-0.12109375
52.59375,-0.12109375
52.609375,-0.11328125
52.625,-0.12109375
52.640625,-0.125
52.65625,-0.125
52.671875,-0.12109375
52.6875,-0.1171875
52.703125,-0.1171875
52.71875,-0.12109375
52.734375,-0.12109375
52.75,-0.12109375
52.765625,-0.11328125
52.78125,-0.11328125
52.796875,-0.1171875
52.8125,-0.11328125
52.828125,-0.12890625
52.84375,-0.12109375
52.859375,-0.12109375
52.875,-0.1171875
52.890625,-0.10546875
52.90625,-0.125
52.921875,-0.11328125
52.9375,-0.1171875
52.953125,-0.1171875
52.96875,-0.12109375
52.984375,-0.1171875
53,-0.11328125
53.015625,-0.12109375
53.03125,-0.12109375
53.046875,-0.125
53.0625,-0.11328125
53.078125,-0.109375
53.09375,-0.1171875
53.109375,-0.12890625
53.125,-0.125
53.140625,-0.12109375
53.15625,-0.11328125
53.171875,-0.10546875
53.1875,-0.1171875
53.203125,-0.11328125
53.21875,-0.12109375
53.234375,-0.125
53.25,-0.10546875
53.265625,-0.1171875
53.28125,-0.1171875
53.296875,-0.12109375
53.3125,-0.12109375
53.328125,-0.11328125
53.34375,-0.12109375
53.359375,-0.125
53.375,-0.12109375
53.390625,-0.12109375
53.40625,-0.109375
53.421875,-0.12109375
53.4375,-0.125
53.453125,-0.12109375
53.46875,-0.1171875
53.484375,-0.10546875
53.5,-0.12109375
53.515625,-0.125
53.53125,-0.125
53.546875,-0.12109375
53.5625,-0.10546875
53.578125,-0.125
53.59375,-0.1328125
53.609375,-0.13671875
53.625,-0.11328125
53.640625,-0.09375
53.65625,-0.109375
53.671875,-0.1171875
53.6875,-0.125
53.703125,-0.12890625
53.71875,-0.11328125
53.734375,-0.11328125
53.75,-0.1171875
53.765625,-0.1171875
53.78125,-0.12890625
53.796875,-0.125
53.8125,-0.12109375
53.828125,-0.1328125
53.84375,-0.125
53.859375,-0.12109375
53.875,-0.125
53.890625,-0.1171875
53.90625,-0.1328125
53.921875,-0.1328125
53.9375,-0.1328125
53.953125,-0.12109375
53.96875,-0.1171875
53.984375,-0.12890625
54,-0.1328125
54.015625,-0.140625
54.03125,-0.12109375
54.046875,-0.1171875
54.0625,-0.12109375
54.078125,-0.125
54.09375,-0.12890625
54.109375,-0.140625
54.125,-0.1328125
54.140625,-0.1328125
54.15625,-0.1328125
54.171875,-0.1328125
54.1875,-0.13671875
54.203125,-0.14453125
54.21875,-0.13671875
54.234375,-0.13671875
54.25,-0.1328125
54.265625,-0.13671875
54.28125,-0.1328125
54.296875,-0.13671875
54.3125,-0.14453125
54.328125,-0.1484375
54.34375,-0.1328125
54.359375,-0.1328125
54.375,-0.13671875
54.390625,-0.140625
54.40625,-0.14453125
54.421875,-0.1484375
54.4375,-0.1328125
54.453125,-0.12109375
54.46875,-0.125
54.484375,-0.1328125
54.5,-0.140625
54.515625,-0.140625
54.53125,-0.12890625
54.546875,-0.13671875
54.5625,-0.13671875
54.578125,-0.1328125
54.59375,-0.1484375
54.609375,-0.13671875
54.625,-0.13671875
54.640625,-0.140625
54.65625,-0.13671875
54.671875,-0.14453125
54.6875,-0.1328125
54.703125,-0.13671875
54.71875,-0.13671875
54.734375,-0.14453125
54.75,-0.1484375
54.765625,-0.1328125
54.78125,-0.14453125
54.796875,-0.140625
54.8125,-0.14453125
54.828125,-0.140625
54.84375,-0.125
54.859375,-0.13671875
54.875,-0.140625
54.890625,-0.140625
54.90625,-0.1484375
54.921875,-0.140625
54.9375,-0.1484375
54.953125,-0.1484375
54.96875,-0.14453125
54.984375,-0.13671875
55,-0.14453125
55.015625,-0.125
55.03125,-0.140625
55.046875,-0.13671875
55.0625,-0.1484375
55.078125,-0.1484375
55.09375,-0.13671875
55.109375,-0.1484375
55.125,-0.1484375
55.140625,-0.1484375
55.15625,-0.14453125
55.171875,-0.140625
55.1875,-0.15625
55.203125,-0.1484375
55.21875,-0.1484375
55.234375,-0.14453125
55.25,-0.125
55.265625,-0.1328125
55.28125,-0.140625
55.296875,-0.1484375
55.3125,-0.16015625
55.328125,-0.14453125
55.34375,-0.1484375
55.359375,-0.13671875
55.375,-0.13671875
55.390625,-0.15234375
55.40625,-0.140625
55.421875,-0.1484375
55.4375,-0.15234375
55.453125,-0.1484375
55.46875,-0.14453125
55.484375,-0.140625
55.5,-0.14453125
55.515625,-0.1484375
55.53125,-0.1484375
55.546875,-0.1484375
55.5625,-0.14453125
55.578125,-0.1484375
55.59375,-0.15234375
55.609375,-0.14453125
55.625,-0.1484375
55.640625,-0.140625
55.65625,-0.14453125
55.671875,-0.15234375
55.6875,-0.15234375
55.703125,-0.15234375
55.71875,-0.1484375
55.734375,-0.1484375
55.75,-0.15234375
55.765625,-0.1484375
55.78125,-0.1484375
55.796875,-0.15234375
55.8125,-0.14453125
55.828125,-0.14453125
55.84375,-0.140625
55.859375,-0.1484375
55.875,-0.15234375
55.890625,-0.1484375
55.90625,-0.15234375
55.921875,-0.14453125
55.9375,-0.1484375
55.953125,-0.15625
55.96875,-0.14453125
55.984375,-0.15234375
56,-0.15625
56.015625,-0.16015625
56.03125,-0.1484375
56.046875,-0.13671875
56.0625,-0.14453125
56.078125,-0.13671875
56.09375,-0.140625
56.109375,-0.15625
56.125,-0.14453125
56.140625,-0.1484375
56.15625,-0.15234375
56.171875,-0.1484375
56.1875,-0.1484375
56.203125,-0.140625
56.21875,-0.1484375
56.234375,-0.1484375
56.25,-0.1484375
56.265625,-0.14453125
56.28125,-0.140625
56.296875,-0.1484375
56.3125,-0.14453125
56.328125,-0.1484375
56.34375,-0.15234375
56.359375,-0.15234375
56.375,-0.140625
56.390625,-0.14453125
56.40625,-0.1484375
56.421875,-0.1484375
56.4375,-0.1484375
56.453125,-0.14453125
56.46875,-0.1484375
56.484375,-0.14453125
56.5,-0.14453125
56.515625,-0.15234375
56.53125,-0.1328125
56.546875,-0.14453125
56.5625,-0.15234375
56.578125,-0.1484375
56.59375,-0.16015625
56.609375,-0.14453125
56.625,-0.15625
56.640625,-0.15234375
56.65625,-0.1484375
56.671875,-0.15625
56.6875,-0.14453125
56.703125,-0.15625
56.71875,-0.15625
56.734375,-0.16015625
56.75,-0.1484375
56.765625,-0.140625
56.78125,-0.15234375
56.796875,-0.15234375
56.8125,-0.16015625
56.828125,-0.140625
56.84375,-0.13671875
56.859375,-0.140625
56.875,-0.15234375
56.890625,-0.15234375
56.90625,-0.16015625
56.921875,-0.14453125
56.9375,-0.15234375
56.953125,-0.14453125
56.96875,-0.14453125
56.984375,-0.1484375
57,-0.15625
57.015625,-0.1484375
57.03125,-0.15234375
57.046875,-0.16015625
57.0625,-0.15234375
57.078125,-0.1484375
57.09375,-0.13671875
57.109375,-0.1484375
57.125,-0.15234375
57.140625,-0.15625
57.15625,-0.15625
57.171875,-0.14453125
57.1875,-0.1484375
57.203125,-0.15234375
57.21875,-0.1484375
57.234375,-0.1484375
57.25,-0.14453125
57.265625,-0.15234375
57.28125,-0.15234375
57.296875,-0.1484375
57.3125,-0.1484375
57.328125,-0.1484375
57.34375,-0.15234375
57.359375,-0.15234375
57.375,-0.15234375
57.390625,-0.1484375
57.40625,-0.15234375
57.421875,-0.15234375
57.4375,-0.15234375
57.453125,-0.1484375
57.46875,-0.14453125
57.484375,-0.14453125
57.5,-0.14453125
57.515625,-0.1484375
57.53125,-0.1484375
57.546875,-0.15625
57.5625,-0.15234375
57.578125,-0.15625
57.59375,-0.15234375
57.609375,-0.1484375
57.625,-0.14453125
57.640625,-0.1484375
57.65625,-0.14453125
57.671875,-0.15234375
57.6875,-0.1484375
57.703125,-0.1484375
57.71875,-0.15234375
57.734375,-0.140625
57.75,-0.1484375
57.765625,-0.1484375
57.78125,-0.1484375
57.796875,-0.1484375
57.8125,-0.13671875
57.828125,-0.1484375
57.84375,-0.1484375
57.859375,-0.1484375
57.875,-0.15234375
57.890625,-0.140625
57.90625,-0.15234375
57.921875,-0.1484375
57.9375,-0.15234375
57.953125,-0.14453125
57.96875,-0.13671875
57.984375,-0.14453125
58,-0.1484375
58.015625,-0.1484375
58.03125,-0.1484375
58.046875,-0.1328125
58.0625,-0.14453125
58.078125,-0.14453125
58.09375,-0.14453125
58.109375,-0.14453125
58.125,-0.13671875
58.140625,-0.15234375
58.15625,-0.15234375
58.171875,-0.15625
58.1875,-0.14453125
58.203125,-0.12890625
58.21875,-0.14453125
58.234375,-0.15234375
58.25,-0.1484375
58.265625,-0.14453125
58.28125,-0.1484375
58.296875,-0.13671875
58.3125,-0.1484375
58.328125,-0.15234375
58.34375,-0.1484375
58.359375,-0.13671875
58.375,-0.12890625
58.390625,-0.14453125
58.40625,-0.1484375
58.421875,-0.15625
58.4375,-0.14453125
58.453125,-0.13671875
58.46875,-0.140625
58.484375,-0.140625
58.5,-0.140625
58.515625,-0.14453125
58.53125,-0.14453125
58.546875,-0.14453125
58.5625,-0.14453125
58.578125,-0.14453125
58.59375,-0.140625
58.609375,-0.1328125
58.625,-0.140625
58.640625,-0.14453125
58.65625,-0.14453125
58.671875,-0.14453125
58.6875,-0.140625
58.703125,-0.140625
58.71875,-0.140625
58.734375,-0.140625
58.75,-0.14453125
58.765625,-0.140625
58.78125,-0.1484375
58.796875,-0.140625
58.8125,-0.14453125
58.828125,-0.140625
58.84375,-0.13671875
58.859375,-0.140625
58.875,-0.140625
58.890625,-0.140625
58.90625,-0.13671875
58.921875,-0.140625
58.9375,-0.13671875
58.953125,-0.1328125
58.96875,-0.13671875
58.984375,-0.14453125
59,-0.140625
59.015625,-0.1328125
59.03125,-0.13671875
59.046875,-0.14453125
59.0625,-0.14453125
59.078125,-0.13671875
59.09375,-0.12890625
59.109375,-0.12890625
59.125,-0.13671875
59.140625,-0.13671875
59.15625,-0.13671875
59.171875,-0.12890625
59.1875,-0.1328125
59.203125,-0.13671875
59.21875,-0.140625
59.234375,-0.13671875
59.25,-0.13671875
59.265625,-0.13671875
59.28125,-0.140625
59.296875,-0.140625
59.3125,-0.13671875
59.328125,-0.125
59.34375,-0.1328125
59.359375,-0.1328125
59.375,-0.1328125
59.390625,-0.14453125
59.40625,-0.12890625
59.421875,-0.1328125
59.4375,-0.1328125
59.453125,-0.125
59.46875,-0.13671875
59.484375,-0.12890625
59.5,-0.1328125
59.515625,-0.13671875
59.53125,-0.1328125
59.546875,-0.1328125
59.5625,-0.13671875
59.578125,-0.12890625
59.59375,-0.13671875
59.609375,-0.1328125
59.625,-0.12890625
59.640625,-0.13671875
59.65625,-0.12109375
59.671875,-0.1328125
59.6875,-0.12890625
59.703125,-0.12890625
59.71875,-0.13671875
59.734375,-0.125
59.75,-0.140625
59.765625,-0.13671875
59.78125,-0.13671875
59.796875,-0.12890625
59.8125,-0.12109375
59.828125,-0.1328125
59.84375,-0.12890625
59.859375,-0.1328125
59.875,-0.125
59.890625,-0.11328125
59.90625,-0.125
59.921875,-0.12109375
59.9375,-0.1328125
59.953125,-0.1328125
59.96875,-0.1171875
59.984375,-0.12890625
60,-0.1328125
60.015625,-0.12890625
60.03125,-0.12890625
60.046875,-0.1171875
60.0625,-0.12109375
60.078125,-0.125
60.09375,-0.1328125
60.109375,-0.1328125
60.125,-0.12109375
60.140625,-0.125
60.15625,-0.12890625
60.171875,-0.1328125
60.1875,-0.125
60.203125,-0.12890625
60.21875,-0.1171875
60.234375,-0.125
60.25,-0.1328125
60.265625,-0.13671875
60.28125,-0.12890625
60.296875,-0.1171875
60.3125,-0.12890625
60.328125,-0.12109375
60.34375,-0.125
60.359375,-0.12109375
60.375,-0.1171875
60.390625,-0.125
60.40625,-0.125
60.421875,-0.12890625
60.4375,-0.12890625
60.453125,-0.125
60.46875,-0.125
60.484375,-0.12109375
60.5,-0.12109375
60.515625,-0.12109375
60.53125,-0.12890625
60.546875,-0.125
60.5625,-0.1328125
60.578125,-0.12890625
60.59375,-0.12109375
60.609375,-0.11328125
60.625,-0.11328125
60.640625,-0.125
60.65625,-0.12109375
60.671875,-0.12109375
60.6875,-0.1171875
60.703125,-0.11328125
60.71875,-0.1171875
60.734375,-0.12109375
60.75,-0.125
60.765625,-0.12109375
60.78125,-0.12109375
60.796875,-0.12109375
60.8125,-0.12109375
60.828125,-0.1171875
60.84375,-0.125
60.859375,-0.1171875
60.875,-0.125
60.890625,-0.125
60.90625,-0.125
60.921875,-0.12109375
60.9375,-0.1171875
60.953125,-0.1171875
60.96875,-0.12109375
60.984375,-0.12109375
61,-0.125
61.015625,-0.11328125
61.03125,-0.12109375
61.046875,-0.12109375
61.0625,-0.12109375
61.078125,-0.12109375
61.09375,-0.11328125
61.109375,-0.12109375
61.125,-0.12890625
61.140625,-0.125
61.15625,-0.11328125
61.171875,-0.10546875
61.1875,-0.125
61.203125,-0.1171875
61.21875,-0.1171875
61.234375,-0.125
61.25,-0.11328125
61.265625,-0.1171875
61.28125,-0.1171875
61.296875,-0.1171875
61.3125,-0.12109375
61.328125,-0.109375
61.34375,-0.12109375
61.359375,-0.1171875
61.375,-0.1171875
61.390625,-0.12109375
61.40625,-0.109375
61.421875,-0.125
61.4375,-0.12109375
61.453125,-0.12109375
61.46875,-0.12109375
61.484375,-0.12109375
61.5,-0.11328125
61.515625,-0.12109375
61.53125,-0.1171875
61.546875,-0.125
61.5625,-0.125
61.578125,-0.11328125
61.59375,-0.11328125
61.609375,-0.11328125
61.625,-0.12109375
61.640625,-0.125
61.65625,-0.1171875
61.671875,-0.12109375
61.6875,-0.12109375
61.703125,-0.125
61.71875,-0.11328125
61.734375,-0.109375
61.75,-0.1171875
61.765625,-0.12109375
61.78125,-0.12109375
61.796875,-0.12109375
61.8125,-0.109375
61.828125,-0.11328125
61.84375,-0.11328125
61.859375,-0.11328125
61.875,-0.125
61.890625,-0.12109375
61.90625,-0.12109375
61.921875,-0.1171875
61.9375,-0.11328125
61.953125,-0.12890625
61.96875,-0.12109375
61.984375,-0.125
62,-0.125
62.015625,-0.125
62.03125,-0.1171875
62.046875,-0.1171875
62.0625,-0.1171875
62.078125,-0.12109375
62.09375,-0.12890625
62.109375,-0.125
62.125,-0.125
62.140625,-0.12109375
62.15625,-0.11328125
62.171875,-0.1171875
62.1875,-0.1171875
62.203125,-0.1171875
62.21875,-0.11328125
62.234375,-0.12109375
62.25,-0.12109375
62.265625,-0.125
62.28125,-0.125
62.296875,-0.1171875
62.3125,-0.12109375
62.328125,-0.125
62.34375,-0.125
62.359375,-0.12109375
62.375,-0.11328125
62.390625,-0.125
62.40625,-0.125
62.421875,-0.125
62.4375,-0.11328125
62.453125,-0.09765625
62.46875,-0.1171875
62.484375,-0.1171875
62.5,-0.1328125
62.515625,-0.1328125
62.53125,-0.109375
62.546875,-0.11328125
62.5625,-0.109375
62.578125,-0.11328125
62.59375,-0.12890625
62.609375,-0.12109375
62.625,-0.12890625
62.640625,-0.125
62.65625,-0.12890625
62.671875,-0.125
62.6875,-0.1171875
62.703125,-0.12890625
62.71875,-0.125
62.734375,-0.12109375
62.75,-0.125
62.765625,-0.12890625
62.78125,-0.1171875
62.796875,-0.13671875
62.8125,-0.13671875
62.828125,-0.1328125
62.84375,-0.12890625
62.859375,-0.12109375
62.875,-0.13671875
62.890625,-0.1328125
62.90625,-0.1328125
62.921875,-0.12890625
62.9375,-0.1171875
62.953125,-0.12890625
62.96875,-0.13671875
62.984375,-0.140625
63,-0.13671875
63.015625,-0.125
63.03125,-0.13671875
63.046875,-0.13671875
63.0625,-0.140625
63.078125,-0.13671875
63.09375,-0.1328125
63.109375,-0.13671875
63.125,-0.13671875
63.140625,-0.140625
63.15625,-0.13671875
63.171875,-0.125
63.1875,-0.1328125
63.203125,-0.13671875
63.21875,-0.14453125
63.234375,-0.14453125
63.25,-0.1328125
63.265625,-0.140625
63.28125,-0.1328125
63.296875,-0.12890625
63.3125,-0.14453125
63.328125,-0.140625
63.34375,-0.1484375
63.359375,-0.1484375
63.375,-0.1484375
63.390625,-0.140625
63.40625,-0.13671875
63.421875,-0.140625
63.4375,-0.14453125
63.453125,-0.1484375
63.46875,-0.1484375
63.484375,-0.14453125
63.5,-0.13671875
63.515625,-0.140625
63.53125,-0.1484375
63.546875,-0.1484375
63.5625,-0.1484375
63.578125,-0.14453125
63.59375,-0.14453125
63.609375,-0.15234375
63.625,-0.15625
63.640625,-0.1484375
63.65625,-0.1484375
63.671875,-0.140625
63.6875,-0.14453125
63.703125,-0.14453125
63.71875,-0.1484375
63.734375,-0.1484375
63.75,-0.1484375
63.765625,-0.15234375
63.78125,-0.1484375
63.796875,-0.14453125
63.8125,-0.140625
63.828125,-0.1484375
63.84375,-0.15234375
63.859375,-0.1484375
63.875,-0.1484375
63.890625,-0.13671875
63.90625,-0.1484375
63.921875,-0.1484375
63.9375,-0.140625
63.953125,-0.14453125
63.96875,-0.1328125
63.984375,-0.14453125
64,-0.1484375
64.015625,-0.15234375
64.03125,-0.15234375
64.046875,-0.14453125
64.0625,-0.12890625
64.078125,-0.13671875
64.09375,-0.140625
64.109375,-0.14453125
64.125,-0.140625
64.140625,-0.1328125
64.15625,-0.1484375
64.171875,-0.1484375
64.1875,-0.14453125
64.203125,-0.15625
64.21875,-0.140625
64.234375,-0.14453125
64.25,-0.140625
64.265625,-0.140625
64.28125,-0.15234375
64.296875,-0.13671875
64.3125,-0.15234375
64.328125,-0.1484375
64.34375,-0.1484375
64.359375,-0.140625
64.375,-0.12890625
64.390625,-0.140625
64.40625,-0.140625
64.421875,-0.14453125
64.4375,-0.140625
64.453125,-0.125
64.46875,-0.140625
64.484375,-0.140625
64.5,-0.140625
64.515625,-0.14453125
64.53125,-0.1328125
64.546875,-0.14453125
64.5625,-0.14453125
64.578125,-0.14453125
64.59375,-0.14453125
64.609375,-0.1328125
64.625,-0.14453125
64.640625,-0.14453125
64.65625,-0.140625
64.671875,-0.140625
64.6875,-0.14453125
64.703125,-0.13671875
64.71875,-0.15234375
64.734375,-0.14453125
64.75,-0.1484375
64.765625,-0.1484375
64.78125,-0.140625
64.796875,-0.14453125
64.8125,-0.1484375
64.828125,-0.15234375
64.84375,-0.140625
64.859375,-0.1328125
64.875,-0.13671875
64.890625,-0.1328125
64.90625,-0.13671875
64.921875,-0.1484375
64.9375,-0.140625
64.953125,-0.14453125
64.96875,-0.140625
64.984375,-0.14453125
65,-0.140625
65.015625,-0.1328125
65.03125,-0.13671875
65.046875,-0.13671875
65.0625,-0.13671875
65.078125,-0.13671875
65.09375,-0.140625
65.109375,-0.13671875
65.125,-0.14453125
65.140625,-0.140625
65.15625,-0.140625
65.171875,-0.13671875
65.1875,-0.13671875
65.203125,-0.13671875
65.21875,-0.140625
65.234375,-0.140625
65.25,-0.12890625
65.265625,-0.13671875
65.28125,-0.140625
65.296875,-0.140625
65.3125,-0.13671875
65.328125,-0.13671875
65.34375,-0.1328125
65.359375,-0.140625
65.375,-0.140625
65.390625,-0.14453125
65.40625,-0.1328125
65.421875,-0.125
65.4375,-0.1328125
65.453125,-0.1328125
65.46875,-0.13671875
65.484375,-0.1328125
65.5,-0.12890625
65.515625,-0.140625
65.53125,-0.140625
65.546875,-0.13671875
65.5625,-0.13671875
65.578125,-0.12109375
65.59375,-0.13671875
65.609375,-0.13671875
65.625,-0.140625
65.640625,-0.13671875
65.65625,-0.1171875
65.671875,-0.12890625
65.6875,-0.1328125
65.703125,-0.13671875
65.71875,-0.14453125
65.734375,-0.125
65.75,-0.13671875
65.765625,-0.1328125
65.78125,-0.12890625
65.796875,-0.1328125
65.8125,-0.12890625
65.828125,-0.13671875
65.84375,-0.13671875
65.859375,-0.13671875
65.875,-0.1328125
65.890625,-0.12109375
65.90625,-0.1328125
65.921875,-0.13671875
65.9375,-0.140625
65.953125,-0.140625
65.96875,-0.13671875
65.984375,-0.125
66,-0.1328125
66.015625,-0.1328125
66.03125,-0.1328125
66.046875,-0.13671875
66.0625,-0.125
66.078125,-0.13671875
66.09375,-0.1328125
66.109375,-0.1328125
66.125,-0.140625
66.140625,-0.1328125
66.15625,-0.13671875
66.171875,-0.140625
66.1875,-0.140625
66.203125,-0.13671875
66.21875,-0.12890625
66.234375,-0.1328125
66.25,-0.1328125
66.265625,-0.1328125
66.28125,-0.13671875
66.296875,-0.125
66.3125,-0.13671875
66.328125,-0.1328125
66.34375,-0.140625
66.359375,-0.13671875
66.375,-0.12890625
66.390625,-0.1328125
66.40625,-0.1328125
66.421875,-0.13671875
66.4375,-0.140625
66.453125,-0.1328125
66.46875,-0.1328125
66.484375,-0.12890625
66.5,-0.12890625
66.515625,-0.14453125
66.53125,-0.140625
66.546875,-0.13671875
66.5625,-0.13671875
66.578125,-0.1328125
66.59375,-0.1328125
66.609375,-0.1328125
66.625,-0.140625
66.640625,-0.140625
66.65625,-0.14453125
66.671875,-0.140625
66.6875,-0.13671875
66.703125,-0.13671875
66.71875,-0.13671875
66.734375,-0.140625
66.75,-0.140625
66.765625,-0.1328125
66.78125,-0.12890625
66.796875,-0.1328125
66.8125,-0.13671875
66.828125,-0.13671875
66.84375,-0.140625
66.859375,-0.1328125
66.875,-0.1328125
66.890625,-0.13671875
66.90625,-0.140625
66.921875,-0.1328125
66.9375,-0.125
66.953125,-0.13671875
66.96875,-0.13671875
66.984375,-0.1328125
67,-0.13671875
67.015625,-0.125
67.03125,-0.12890625
67.046875,-0.1328125
67.0625,-0.1328125
67.078125,-0.1484375
67.09375,-0.1328125
67.109375,-0.13671875
67.125,-0.1328125
67.140625,-0.140625
67.15625,-0.13671875
67.171875,-0.125
67.1875,-0.13671875
67.203125,-0.13671875
67.21875,-0.13671875
67.234375,-0.13671875
67.25,-0.1328125
67.265625,-0.125
67.28125,-0.12890625
67.296875,-0.12890625
67.3125,-0.13671875
67.328125,-0.140625
67.34375,-0.12890625
67.359375,-0.13671875
67.375,-0.13671875
67.390625,-0.1328125
67.40625,-0.1328125
67.421875,-0.12109375
67.4375,-0.1328125
67.453125,-0.1328125
67.46875,-0.13671875
67.484375,-0.13671875
67.5,-0.125
67.515625,-0.12890625
67.53125,-0.12890625
67.546875,-0.12890625
67.5625,-0.1328125
67.578125,-0.125
67.59375,-0.13671875
67.609375,-0.1328125
67.625,-0.12890625
67.640625,-0.1328125
67.65625,-0.125
67.671875,-0.140625
67.6875,-0.1328125
67.703125,-0.12890625
67.71875,-0.12890625
67.734375,-0.125
67.75,-0.12890625
67.765625,-0.1328125
67.78125,-0.1328125
67.796875,-0.140625
67.8125,-0.12890625
67.828125,-0.1328125
67.84375,-0.12890625
67.859375,-0.12890625
67.875,-0.125
67.890625,-0.12890625
67.90625,-0.12890625
67.921875,-0.13671875
67.9375,-0.13671875
67.953125,-0.12890625
67.96875,-0.12890625
67.984375,-0.125
68,-0.12890625
68.015625,-0.12890625
68.03125,-0.125
68.046875,-0.12890625
68.0625,-0.12890625
68.078125,-0.1328125
68.09375,-0.12890625
68.109375,-0.12890625
68.125,-0.13671875
68.140625,-0.1328125
68.15625,-0.1328125
68.171875,-0.12890625
68.1875,-0.125
68.203125,-0.12109375
68.21875,-0.125
68.234375,-0.12890625
68.25,-0.13671875
68.265625,-0.140625
68.28125,-0.125
68.296875,-0.1171875
68.3125,-0.1171875
68.328125,-0.12109375
68.34375,-0.12109375
68.359375,-0.12890625
68.375,-0.12890625
68.390625,-0.13671875
68.40625,-0.13671875
68.421875,-0.1328125
68.4375,-0.1171875
68.453125,-0.12109375
68.46875,-0.12109375
68.484375,-0.109375
68.5,-0.109375
68.515625,-0.1171875
68.53125,-0.125
68.546875,-0.1171875
68.5625,-0.140625
68.578125,-0.15625
68.59375,-0.16015625
68.609375,-0.00390625
68.625,-0.1015625
68.640625,-0.16015625
68.65625,-0.19140625
68.671875,-0.24609375
68.6875,-0.3203125
68.703125,-0.3125
68.71875,-0.28125
68.734375,-0.23046875
68.75,-0.23046875
68.765625,-0.0859375
68.78125,-0.23046875
68.796875,-0.55078125
68.8125,-0.1953125
68.828125,0.0234375
68.84375,-0.265625
68.859375,-0.10546875
68.875,-0.23828125
68.890625,-0.30859375
68.90625,-0.328125
68.921875,-0.11328125
68.9375,-0.1484375
68.953125,0.546875
68.96875,1.0703125
68.984375,-0.76171875
69,-0.890625
69.015625,-0.63671875
69.03125,-0.30078125
69.046875,-0.2109375
69.0625,-0.0859375
69.078125,-0.26953125
69.09375,-0.30859375
69.109375,-0.26171875
69.125,-0.43359375
69.140625,-0.6171875
69.15625,-0.30078125
69.171875,-0.1796875
69.1875,-0.0625
69.203125,0.29296875
69.21875,0.8203125
69.234375,1.49609375
69.25,1.78125
69.265625,1.390625
69.28125,1.05859375
69.296875,0.76953125
69.3125,0.49609375
69.328125,-0.3125
69.34375,-0.41015625
69.359375,-0.49609375
69.375,-0.5234375
69.390625,-0.55078125
69.40625,-0.80859375
69.421875,-0.83203125
69.4375,-0.82421875
69.453125,-0.76171875
69.46875,-0.69140625
69.484375,-0.57421875
69.5,-0.59765625
69.515625,-0.6015625
69.53125,-0.5625
69.546875,-0.51953125
69.5625,-0.359375
69.578125,-0.32421875
69.59375,-0.30078125
69.609375,-0.3046875
69.625,-0.328125
69.640625,-0.39453125
69.65625,-0.39453125
69.671875,-0.3828125
69.6875,-0.38671875
69.703125,-0.39453125
69.71875,-0.3671875
69.734375,-0.390625
69.75,-0.41015625
69.765625,-0.42578125
69.78125,-0.421875
69.796875,-0.3671875
69.8125,-0.3125
69.828125,-0.28125
69.84375,-0.265625
69.859375,-0.2890625
69.875,-0.31640625
69.890625,-0.33203125
69.90625,-0.3515625
69.921875,-0.359375
69.9375,-0.35546875
69.953125,-0.35546875
69.96875,-0.38671875
69.984375,-0.38671875
70,-0.41796875
70.015625,-0.4375
70.03125,-0.46875
70.046875,-0.41796875
70.0625,-0.4609375
70.078125,-0.48046875
70.09375,-0.48046875
70.109375,-0.4765625
70.125,-0.5
70.140625,-0.51953125
70.15625,-0.5
70.171875,-0.50390625
70.1875,-0.51953125
70.203125,-0.41015625
70.21875,-0.421875
70.234375,-0.484375
